user_id,post_id,timestamp
5d618359fc5fcf3bdd9a0910,5d626c0865218653a132c950,2019-08-25T15:18:09.412Z
5d618359fc5fcf3bdd9a0910,5d62abaa65218653a132c956,2019-08-25T15:41:33.718Z
5d618359fc5fcf3bdd9a0910,5d6b62f0dcba7d0a2b2a4889,2019-09-01T18:58:06.692Z
5d618359fc5fcf3bdd9a0910,5d6c182cdcba7d0a2b2a489b,2019-09-01T19:13:34.079Z
5d610ae1653a331687083239,5d6d39567fa40e1417a4931c,2019-09-04T14:16:56.780Z
5d60098a653a331687083238,5d6d39567fa40e1417a4931c,2019-09-04T14:30:04.232Z
5d610ae1653a331687083239,5d7d405e5720533e15c3b1f3,2019-09-15T11:19:56.110Z
5d610ae1653a331687083239,5d7d23315720533e15c3b1ee,2019-09-15T11:20:21.021Z
5d7f8e146c53455f896e5fed,5d7d405e5720533e15c3b1f3,2019-09-16T14:04:46.820Z
5d610ae1653a331687083239,5dab2a59e6ec742ad6fd079c,2019-10-20T16:13:22.344Z
5d8ba8776c53455f896e60b4,5dadbec3610ba040fbfdf5a8,2019-10-22T13:20:26.493Z
5d8ba8776c53455f896e60b4,5dadb5cc610ba040fbfdf59d,2019-10-22T13:20:36.676Z
5d8ba8776c53455f896e60b4,5d96d859979d5962253c2f50,2019-10-22T14:43:04.221Z
5d8ba8776c53455f896e60b4,5db07362645c064c2bffd782,2019-10-23T15:48:59.291Z
5d8ba8776c53455f896e60b4,5db07083645c064c2bffd77b,2019-10-23T15:49:05.242Z
5dec8e6f42a8854bf6eaba95,5df7b360cc709107827fb409,2019-12-16T16:41:37.064Z
5dec8e6f42a8854bf6eaba95,5df7b170cc709107827fb407,2019-12-16T16:41:41.564Z
5dec8e6f42a8854bf6eaba95,5df2830fee4bb5252b4f5379,2019-12-16T16:41:47.104Z
5dec8e6f42a8854bf6eaba95,5df28198ee4bb5252b4f5378,2019-12-16T16:41:53.667Z
5dec8e6f42a8854bf6eaba95,5df11b29ee4bb5252b4f5341,2019-12-16T16:41:59.577Z
5dec8e6f42a8854bf6eaba95,5df11a0eee4bb5252b4f5340,2019-12-16T16:42:10.464Z
5dec8e6f42a8854bf6eaba95,5df115b1ee4bb5252b4f533e,2019-12-16T16:42:22.119Z
5dfe46d4d815be0c88c9240b,5dfb1684cc709107827fb427,2019-12-21T16:25:00.453Z
5dfe46d4d815be0c88c9240b,5dfdbdbb28fb4806fe06abfe,2019-12-21T16:25:11.362Z
5df4858acc709107827fb3c5,5dfdbdbb28fb4806fe06abfe,2019-12-23T10:46:57.748Z
5df4858acc709107827fb3c5,5e04bcbc2a37d20505da2a17,2019-12-26T14:03:06.523Z
5dfe46d4d815be0c88c9240b,5e01b484d815be0c88c92435,2019-12-26T14:15:00.316Z
5dfe46d4d815be0c88c9240b,5e04bcbc2a37d20505da2a17,2019-12-26T14:15:16.516Z
5d618359fc5fcf3bdd9a0910,5d8bbae56c53455f896e60b7,2019-12-30T09:40:53.024Z
5df4858acc709107827fb3c5,5e0b52a22a37d20505da2a49,2020-01-01T08:19:44.762Z
5df4858acc709107827fb3c5,5e0767822a37d20505da2a36,2020-01-01T08:20:30.214Z
5df4858acc709107827fb3c5,5e12d1712a37d20505da2af4,2020-01-06T16:58:45.479Z
5dfe46d4d815be0c88c9240b,5e12de2a2a37d20505da2af8,2020-01-08T16:49:10.953Z
5dfe46d4d815be0c88c9240b,5e0b4ee62a37d20505da2a46,2020-01-08T16:49:20.473Z
5e218bf42a37d20505da2b9f,5dd6bdb9b802e41ed198b68d,2020-01-17T12:06:01.694Z
5e218bf42a37d20505da2b9f,5dcd61e1b802e41ed198b645,2020-01-17T12:06:49.184Z
5d610ae1653a331687083239,5e2434152a37d20505da2bfb,2020-01-19T19:51:28.054Z
5d7c994d5720533e15c3b1e9,5d7d405e5720533e15c3b1f3,2020-02-03T10:36:44.212Z
5df8fececc709107827fb41a,5e2f1811c85ab714a7da670d,2020-02-06T14:04:46.706Z
5df8fececc709107827fb41a,5e3ab84deab55d319938a730,2020-02-06T14:05:36.889Z
5e3f1d90eab55d319938a7b6,5e2d3fbfc85ab714a7da66d5,2020-02-08T21:09:22.316Z
5e3f1d90eab55d319938a7b6,5e3710a9eab55d319938a6dd,2020-02-08T21:10:48.352Z
5e3f1d90eab55d319938a7b6,5e286bf5025ae20886de205d,2020-02-09T02:28:18.794Z
5e37b16ceab55d319938a6f8,5d7d405e5720533e15c3b1f3,2020-02-24T06:18:13.351Z
5df20f1fee4bb5252b4f5351,5e51a9e8d701ab08af7929dc,2020-02-24T06:54:41.349Z
5df38ca4ee4bb5252b4f5381,5e52fd0ed701ab08af792a1f,2020-02-24T07:39:47.969Z
5df38ca4ee4bb5252b4f5381,5e52f2b8d701ab08af792a05,2020-02-24T07:40:47.879Z
5df38ca4ee4bb5252b4f5381,5e51a9e8d701ab08af7929dc,2020-02-24T07:41:58.551Z
5d618359fc5fcf3bdd9a0910,5e52f911d701ab08af792a12,2020-03-01T07:26:34.168Z
5d618359fc5fcf3bdd9a0910,5e52e7abd701ab08af7929f8,2020-03-01T07:26:41.339Z
5d618359fc5fcf3bdd9a0910,5e42fee2eab55d319938a859,2020-03-01T07:26:58.234Z
5d618359fc5fcf3bdd9a0910,5e5b59cbd701ab08af792b90,2020-03-01T07:28:05.204Z
5d618359fc5fcf3bdd9a0910,5e501d55d15de17a8cf1b91f,2020-03-01T07:31:52.695Z
5d60098a653a331687083238,5e5b59cbd701ab08af792b90,2020-03-01T07:32:38.397Z
5d618359fc5fcf3bdd9a0910,5e4ba3a9f5561b1994c8e392,2020-03-01T07:39:06.057Z
5e6e13fbed32a005135d6bb2,5e6bcd80ed32a005135d6ba7,2020-03-15T12:32:29.365Z
5e7212c01b24db0468e90cdc,5e5e3b35fbc8805f69e02c9e,2020-03-18T12:33:19.183Z
5e7825ffcfc8b713f5ac7c4d,5e782cd9cfc8b713f5ac7c4f,2020-03-23T03:28:50.788Z
5e78cecccfc8b713f5ac7cef,5e78d4cccfc8b713f5ac7cf3,2020-03-23T15:35:30.630Z
5d610ae1653a331687083239,5e51a9e8d701ab08af7929dc,2020-03-25T13:39:02.001Z
5e7de336a3258347b42f210e,5e733f1c1b24db0468e90cf1,2020-03-27T11:36:26.514Z
5e7de336a3258347b42f210e,5e5e3b35fbc8805f69e02c9e,2020-03-27T11:36:32.460Z
5e7de336a3258347b42f210e,5e5facf649d7f322c033e02b,2020-03-27T11:36:36.690Z
5e7de336a3258347b42f210e,5e7de250a3258347b42f210a,2020-03-27T11:36:46.997Z
5d610ae1653a331687083239,5e7de250a3258347b42f210a,2020-03-27T19:24:40.360Z
5e5af599d701ab08af792b63,5e81ba06a3258347b42f21ef,2020-03-30T17:30:06.967Z
5e822b86a3258347b42f2360,5e7304761b24db0468e90ce7,2020-03-30T18:28:10.802Z
5e880f02a3258347b42f252c,5e81bc41a3258347b42f220a,2020-04-04T04:49:01.144Z
5e880f02a3258347b42f252c,5e85054fa3258347b42f24a0,2020-04-04T04:49:25.278Z
5e901d01a3258347b42f270f,5e7de250a3258347b42f210a,2020-04-10T07:23:56.634Z
5e901d01a3258347b42f270f,5e733f1c1b24db0468e90cf1,2020-04-10T07:23:56.637Z
5e901d01a3258347b42f270f,5e901b98a3258347b42f2708,2020-04-10T07:24:32.487Z
5e901d01a3258347b42f270f,5e5e3b35fbc8805f69e02c9e,2020-04-10T07:24:38.533Z
5e902793a3258347b42f2733,5e5e3b35fbc8805f69e02c9e,2020-04-10T08:07:04.535Z
5e902793a3258347b42f2733,5e733f1c1b24db0468e90cf1,2020-04-10T08:07:07.365Z
5e902793a3258347b42f2733,5e7de250a3258347b42f210a,2020-04-10T08:07:11.435Z
5e902793a3258347b42f2733,5e901b98a3258347b42f2708,2020-04-10T08:07:14.775Z
5df24eeaee4bb5252b4f5366,5e936c67a3258347b42f27b6,2020-04-12T19:37:20.443Z
5e942f7ba3258347b42f280e,5e9435f7a3258347b42f281a,2020-04-13T09:53:04.071Z
5df3f8f2ee4bb5252b4f5393,5e9435f7a3258347b42f281a,2020-04-13T10:36:29.974Z
5e95da4fa3258347b42f29e9,5e95d427a3258347b42f29db,2020-04-14T15:51:35.589Z
5e95a2d8a3258347b42f29bd,5e95ed0aa3258347b42f2a0e,2020-04-14T17:11:01.454Z
5e9828f2a3258347b42f2b71,5e94ae2fa3258347b42f28ee,2020-04-16T11:58:33.998Z
5e9828f2a3258347b42f2b71,5e964006a3258347b42f2a65,2020-04-16T11:59:30.016Z
5e9a8013a3258347b42f2c29,5e99b786a3258347b42f2bfd,2020-04-18T04:22:17.141Z
5d610ae1653a331687083239,5e9db770a3258347b42f2dcf,2020-04-21T14:28:28.833Z
5eab903b10426255a7aa9c8e,5ea7cd9610426255a7aa9bd2,2020-05-01T03:07:53.235Z
5eab903b10426255a7aa9c8e,5e7de250a3258347b42f210a,2020-05-01T03:08:20.754Z
5eab903b10426255a7aa9c8e,5e733f1c1b24db0468e90cf1,2020-05-01T03:08:57.352Z
5eab903b10426255a7aa9c8e,5e5facf649d7f322c033e02b,2020-05-01T03:09:42.475Z
5eab903b10426255a7aa9c8e,5e5e3b35fbc8805f69e02c9e,2020-05-01T03:10:19.680Z
5eab93bb10426255a7aa9ca5,5ea7cd9610426255a7aa9bd2,2020-05-01T03:15:39.075Z
5eab93bb10426255a7aa9ca5,5e7de250a3258347b42f210a,2020-05-01T03:15:55.785Z
5eab93bb10426255a7aa9ca5,5e733f1c1b24db0468e90cf1,2020-05-01T03:16:06.260Z
5eab93bb10426255a7aa9ca5,5e5facf649d7f322c033e02b,2020-05-01T03:16:22.171Z
5eab93bb10426255a7aa9ca5,5e5e3b35fbc8805f69e02c9e,2020-05-01T03:16:34.025Z
5d610ae1653a331687083239,5eaf8b9310426255a7aa9f7e,2020-05-04T18:32:56.802Z
5d610ae1653a331687083239,5eb2c11210426255a7aaa052,2020-05-06T15:07:06.390Z
5eb4f73910426255a7aaa0cc,5ea7cd9610426255a7aa9bd2,2020-05-08T06:12:28.018Z
5eb4f73910426255a7aaa0cc,5eab962e10426255a7aa9cb8,2020-05-08T06:12:33.078Z
5eb4f73910426255a7aaa0cc,5e7de250a3258347b42f210a,2020-05-08T06:12:39.893Z
5eb4f73910426255a7aaa0cc,5e5e3b35fbc8805f69e02c9e,2020-05-08T06:12:43.233Z
5eb4f73910426255a7aaa0cc,5e733f1c1b24db0468e90cf1,2020-05-08T06:12:46.379Z
5eb4f73910426255a7aaa0cc,5e5facf649d7f322c033e02b,2020-05-08T06:12:49.219Z
5eb4f9cb10426255a7aaa0ea,5eab962e10426255a7aa9cb8,2020-05-08T06:23:23.345Z
5eb4f9cb10426255a7aaa0ea,5ea7cd9610426255a7aa9bd2,2020-05-08T06:23:32.694Z
5eb4f9cb10426255a7aaa0ea,5e7de250a3258347b42f210a,2020-05-08T06:23:52.875Z
5eb4f9cb10426255a7aaa0ea,5e5e3b35fbc8805f69e02c9e,2020-05-08T06:23:59.268Z
5eb4f9cb10426255a7aaa0ea,5e733f1c1b24db0468e90cf1,2020-05-08T06:24:22.539Z
5eb4f9cb10426255a7aaa0ea,5e5facf649d7f322c033e02b,2020-05-08T06:24:28.187Z
5eb4fb6b10426255a7aaa103,5eab962e10426255a7aa9cb8,2020-05-08T06:28:23.464Z
5eb4fb6b10426255a7aaa103,5ea7cd9610426255a7aa9bd2,2020-05-08T06:28:28.409Z
5eb4fb6b10426255a7aaa103,5e7de250a3258347b42f210a,2020-05-08T06:28:33.789Z
5eb4fb6b10426255a7aaa103,5e5e3b35fbc8805f69e02c9e,2020-05-08T06:28:37.014Z
5eb4fb6b10426255a7aaa103,5e733f1c1b24db0468e90cf1,2020-05-08T06:28:40.784Z
5eb4fb6b10426255a7aaa103,5e5facf649d7f322c033e02b,2020-05-08T06:28:43.956Z
5d610ae1653a331687083239,5e2d4737c85ab714a7da66d9,2020-05-08T14:41:07.051Z
5d6d2bb87fa40e1417a49315,5ebc3239514aab59896bcc86,2020-05-13T18:59:39.313Z
5d6d2bb87fa40e1417a49315,5eba2e94514aab59896bcc5a,2020-05-13T19:02:03.091Z
5ebcf2f2514aab59896bcd00,5eab962e10426255a7aa9cb8,2020-05-14T08:05:28.617Z
5ebcf2f2514aab59896bcd00,5ea7cd9610426255a7aa9bd2,2020-05-14T08:05:32.937Z
5eb2cad810426255a7aaa072,5ec1fd0974f7660d73aa0fd5,2020-05-18T05:22:09.192Z
5ec3ba5374f7660d73aa1201,5ec3c09274f7660d73aa1229,2020-05-19T11:22:37.284Z
5ec3ba5374f7660d73aa1201,5ec54fc9f2781131cc7e50f5,2020-05-20T15:45:50.848Z
5df49b32cc709107827fb3c7,5ec57acaf2781131cc7e51d5,2020-05-20T20:01:03.965Z
5ec3ba5374f7660d73aa1201,5ec573a3f2781131cc7e51b8,2020-05-21T05:27:08.946Z
5e7cf05bcfc8b713f5ac7db7,5e37d699eab55d319938a71a,2020-05-21T20:02:03.958Z
5e37b16ceab55d319938a6f8,5e4a3cf6f5561b1994c8e378,2020-05-25T04:34:13.973Z
5df20f1fee4bb5252b4f5351,5ecd6ba47023451e66223604,2020-05-27T05:50:13.979Z
5df20f1fee4bb5252b4f5351,5ecc1d4eeaff6b0c3a58a565,2020-05-27T05:50:24.767Z
5df20f1fee4bb5252b4f5351,5ecc186aeaff6b0c3a58a53f,2020-05-27T05:50:36.291Z
5df20f1fee4bb5252b4f5351,5eca7601ec493f4a26558a62,2020-05-27T05:50:50.757Z
5df20f1fee4bb5252b4f5351,5eca6ddbec493f4a26558a46,2020-05-27T05:50:57.801Z
5df20f1fee4bb5252b4f5351,5ec57914f2781131cc7e51c8,2020-05-27T05:51:13.542Z
5df20f1fee4bb5252b4f5351,5ec3bc1a74f7660d73aa1207,2020-05-27T05:51:20.521Z
5df20f1fee4bb5252b4f5351,5ec1fd0974f7660d73aa0fd5,2020-05-27T05:51:29.541Z
5df20f1fee4bb5252b4f5351,5eb2c11210426255a7aaa052,2020-05-27T05:52:14.871Z
5df20f1fee4bb5252b4f5351,5ebd5b46514aab59896bcd5a,2020-05-27T05:52:25.970Z
5df20f1fee4bb5252b4f5351,5e519e8fd701ab08af7929b5,2020-05-27T05:52:33.201Z
5d618359fc5fcf3bdd9a0910,5ec1fd0974f7660d73aa0fd5,2020-05-30T10:22:29.458Z
5ed237ee76027d35905cc6c5,5eab962e10426255a7aa9cb8,2020-05-30T10:43:19.871Z
5ed237ee76027d35905cc6c5,5ea7cd9610426255a7aa9bd2,2020-05-30T10:43:30.591Z
5ed237ee76027d35905cc6c5,5e5facf649d7f322c033e02b,2020-05-30T10:43:34.302Z
5ed237ee76027d35905cc6c5,5e7de250a3258347b42f210a,2020-05-30T10:43:39.191Z
5ed237ee76027d35905cc6c5,5e733f1c1b24db0468e90cf1,2020-05-30T10:44:51.393Z
5ed237ee76027d35905cc6c5,5e5e3b35fbc8805f69e02c9e,2020-05-30T10:44:56.102Z
5ed2399b76027d35905cc70f,5eab962e10426255a7aa9cb8,2020-05-30T10:49:42.201Z
5ed2399b76027d35905cc70f,5ea7cd9610426255a7aa9bd2,2020-05-30T10:49:46.666Z
5ed2399b76027d35905cc70f,5e7de250a3258347b42f210a,2020-05-30T10:50:01.865Z
5ed2399b76027d35905cc70f,5e733f1c1b24db0468e90cf1,2020-05-30T10:50:07.301Z
5ed2399b76027d35905cc70f,5e5e3b35fbc8805f69e02c9e,2020-05-30T10:50:10.150Z
5ed2399b76027d35905cc70f,5e5facf649d7f322c033e02b,2020-05-30T10:50:13.044Z
5ed350ed76027d35905cca2c,5ed1ff0276027d35905cc60d,2020-05-31T06:40:10.804Z
5ed4fefbbd514d602c1535d5,5ed4d236bd514d602c1531ba,2020-06-01T13:14:09.440Z
5ed4fefbbd514d602c1535d5,5ed1ff0276027d35905cc60d,2020-06-01T13:14:38.343Z
5ed4f4f6bd514d602c153421,5ecd5d417023451e662235c5,2020-06-02T11:54:10.620Z
5d618359fc5fcf3bdd9a0910,5ed60242f3fc767afc7b2668,2020-06-02T14:14:14.515Z
5defd51362624b0135ea9fd2,5ed6082ff3fc767afc7b27c7,2020-06-02T14:24:43.942Z
5ed8ad7ab96746238f7ed69b,5ed7822cb96746238f7ed2ca,2020-06-04T08:29:40.799Z
5ec3ba5374f7660d73aa1201,5ed90f5db96746238f7ed7ab,2020-06-05T06:44:50.787Z
