user_id,follower_id,timestamp
5d60098a653a331687083238,5d618359fc5fcf3bdd9a0910,2019-08-25T15:19:04.235Z
5d610ae1653a331687083239,5d618359fc5fcf3bdd9a0910,2019-08-25T15:31:38.195Z
5d60098a653a331687083238,5d610ae1653a331687083239,2019-08-26T18:50:21.002Z
5d618359fc5fcf3bdd9a0910,5d60098a653a331687083238,2019-09-01T09:19:55.572Z
5d6d2bb87fa40e1417a49315,5d60098a653a331687083238,2019-09-04T14:12:21.351Z
5d618359fc5fcf3bdd9a0910,5d610ae1653a331687083239,2019-09-04T14:22:38.606Z
5d618359fc5fcf3bdd9a0910,5d7c994d5720533e15c3b1e9,2019-09-14T17:29:05.092Z
5d610ae1653a331687083239,5d7c994d5720533e15c3b1e9,2019-09-14T17:29:06.231Z
5d618359fc5fcf3bdd9a0910,5d7f31ca6c53455f896e5fe5,2019-09-16T07:00:53.108Z
5d7f31ca6c53455f896e5fe5,5d610ae1653a331687083239,2019-09-16T09:14:45.663Z
5d610ae1653a331687083239,5d7f8e146c53455f896e5fed,2019-09-16T13:55:15.522Z
5d7f31ca6c53455f896e5fe5,5d618359fc5fcf3bdd9a0910,2019-09-16T17:11:46.341Z
5d60098a653a331687083238,5d7f8e146c53455f896e5fed,2019-09-17T12:02:02.381Z
5d618359fc5fcf3bdd9a0910,5d7f8e146c53455f896e5fed,2019-09-17T12:02:05.991Z
5d6d2bb87fa40e1417a49315,5d7f8e146c53455f896e5fed,2019-09-17T12:02:08.826Z
5d7c994d5720533e15c3b1e9,5d7f8e146c53455f896e5fed,2019-09-17T12:02:11.586Z
5d7f31ca6c53455f896e5fe5,5d60098a653a331687083238,2019-09-18T18:27:57.514Z
5d89ea236c53455f896e60b2,5d610ae1653a331687083239,2019-09-25T17:44:21.068Z
5d610ae1653a331687083239,5d8ba8776c53455f896e60b4,2019-09-25T17:50:50.498Z
5d610ae1653a331687083239,5d8c507e6c53455f896e60bb,2019-09-26T05:47:29.385Z
5d7f31ca6c53455f896e5fe5,5d7f8e146c53455f896e5fed,2019-09-26T12:26:49.616Z
5d89ea236c53455f896e60b2,5d7f8e146c53455f896e5fed,2019-09-26T12:26:52.258Z
5d8ba8776c53455f896e60b4,5d7f8e146c53455f896e5fed,2019-09-26T12:26:54.227Z
5d8c507e6c53455f896e60bb,5d7f8e146c53455f896e5fed,2019-09-26T12:26:55.761Z
5d8c507e6c53455f896e60bb,5d610ae1653a331687083239,2019-09-26T18:38:48.878Z
5d8ba8776c53455f896e60b4,5d60098a653a331687083238,2019-09-26T20:21:18.765Z
5d618359fc5fcf3bdd9a0910,5d8ba8776c53455f896e60b4,2019-09-26T20:30:17.147Z
5d610ae1653a331687083239,5d89ea236c53455f896e60b2,2019-09-27T17:40:44.558Z
5d60098a653a331687083238,5d89ea236c53455f896e60b2,2019-09-27T17:40:45.806Z
5d618359fc5fcf3bdd9a0910,5d89ea236c53455f896e60b2,2019-09-27T17:40:48.028Z
5d610ae1653a331687083239,5d90fc1a641ef364939fb6cc,2019-10-02T14:39:50.699Z
5d618359fc5fcf3bdd9a0910,5d90fc1a641ef364939fb6cc,2019-10-02T14:47:30.215Z
5d89ea236c53455f896e60b2,5d60098a653a331687083238,2019-10-03T05:56:45.340Z
5d90fc1a641ef364939fb6cc,5d7f8e146c53455f896e5fed,2019-10-03T12:54:15.563Z
5d610ae1653a331687083239,5d9a2982979d5962253c2f81,2019-10-06T17:51:11.735Z
5d618359fc5fcf3bdd9a0910,5d9a2982979d5962253c2f81,2019-10-06T17:51:14.846Z
5d60098a653a331687083238,5d9a2982979d5962253c2f81,2019-10-06T17:51:17.278Z
5d610ae1653a331687083239,5d9ddcc868671220a1b2b1b2,2019-10-09T13:13:25.682Z
5d618359fc5fcf3bdd9a0910,5d9ddcc868671220a1b2b1b2,2019-10-09T13:13:27.145Z
5d7c994d5720533e15c3b1e9,5d9ddcc868671220a1b2b1b2,2019-10-09T13:23:23.783Z
5d7f31ca6c53455f896e5fe5,5d6d2bb87fa40e1417a49315,2019-10-16T19:15:55.895Z
5d8ba8776c53455f896e60b4,5d6d2bb87fa40e1417a49315,2019-10-16T19:18:47.439Z
5d6d2bb87fa40e1417a49315,5d9a2982979d5962253c2f81,2019-10-18T08:05:42.622Z
5d7f31ca6c53455f896e5fe5,5d9a2982979d5962253c2f81,2019-10-18T08:05:45.679Z
5d7c994d5720533e15c3b1e9,5d610ae1653a331687083239,2019-10-21T13:21:13.693Z
5d7c994d5720533e15c3b1e9,5d618359fc5fcf3bdd9a0910,2019-10-22T14:51:57.812Z
5d8ba8776c53455f896e60b4,5d618359fc5fcf3bdd9a0910,2019-10-22T14:52:27.827Z
5d89ea236c53455f896e60b2,5d618359fc5fcf3bdd9a0910,2019-10-22T14:53:56.162Z
5d7f8e146c53455f896e5fed,5d618359fc5fcf3bdd9a0910,2019-10-22T14:53:58.587Z
5d986d67979d5962253c2f68,5d618359fc5fcf3bdd9a0910,2019-10-22T15:03:01.557Z
5d90fc1a641ef364939fb6cc,5d618359fc5fcf3bdd9a0910,2019-10-22T15:03:20.519Z
5d9a2982979d5962253c2f81,5d618359fc5fcf3bdd9a0910,2019-10-22T15:05:50.194Z
5d9ddcc868671220a1b2b1b2,5d618359fc5fcf3bdd9a0910,2019-10-22T15:05:52.399Z
5d60098a653a331687083238,5d96595a979d5962253c2f4e,2019-10-22T19:05:20.113Z
5d610ae1653a331687083239,5d96595a979d5962253c2f4e,2019-10-22T19:05:22.003Z
5d618359fc5fcf3bdd9a0910,5d96595a979d5962253c2f4e,2019-10-22T19:05:23.583Z
5d6d2bb87fa40e1417a49315,5d96595a979d5962253c2f4e,2019-10-22T19:05:25.873Z
5d7c994d5720533e15c3b1e9,5d96595a979d5962253c2f4e,2019-10-22T19:05:27.553Z
5d7f31ca6c53455f896e5fe5,5d96595a979d5962253c2f4e,2019-10-22T19:05:28.998Z
5d7f8e146c53455f896e5fed,5d96595a979d5962253c2f4e,2019-10-22T19:05:30.607Z
5d89ea236c53455f896e60b2,5d96595a979d5962253c2f4e,2019-10-22T19:05:31.903Z
5d8ba8776c53455f896e60b4,5d96595a979d5962253c2f4e,2019-10-22T19:05:33.477Z
5d8c507e6c53455f896e60bb,5d96595a979d5962253c2f4e,2019-10-22T19:05:35.048Z
5d90fc1a641ef364939fb6cc,5d96595a979d5962253c2f4e,2019-10-22T19:05:36.328Z
5d986d67979d5962253c2f68,5d96595a979d5962253c2f4e,2019-10-22T19:05:37.749Z
5d9a2982979d5962253c2f81,5d96595a979d5962253c2f4e,2019-10-22T19:05:38.958Z
5d9ddcc868671220a1b2b1b2,5d96595a979d5962253c2f4e,2019-10-22T19:05:40.512Z
5d96595a979d5962253c2f4e,5d618359fc5fcf3bdd9a0910,2019-10-23T04:00:51.864Z
5d610ae1653a331687083239,5d986d67979d5962253c2f68,2019-10-26T15:36:23.330Z
5db1b837645c064c2bffd7b9,5d618359fc5fcf3bdd9a0910,2019-10-30T06:19:40.785Z
5db3ecc599cbb90e4339c765,5d618359fc5fcf3bdd9a0910,2019-10-30T06:25:10.495Z
5d6d2bb87fa40e1417a49315,5d618359fc5fcf3bdd9a0910,2019-10-30T08:27:05.247Z
5d618359fc5fcf3bdd9a0910,5db1b837645c064c2bffd7b9,2019-11-09T02:08:13.140Z
5d618359fc5fcf3bdd9a0910,5d986d67979d5962253c2f68,2019-11-21T20:20:18.183Z
5de50d768eab6401affbb135,5d618359fc5fcf3bdd9a0910,2019-12-05T11:49:01.032Z
5d610ae1653a331687083239,5de9238349e8203ff9219a7c,2019-12-05T15:35:07.129Z
5d618359fc5fcf3bdd9a0910,5de9238349e8203ff9219a7c,2019-12-05T15:35:08.659Z
5d60098a653a331687083238,5de9238349e8203ff9219a7c,2019-12-05T16:00:18.364Z
5d7c994d5720533e15c3b1e9,5d6d2bb87fa40e1417a49315,2019-12-05T17:22:45.661Z
5d618359fc5fcf3bdd9a0910,5dea092042a8854bf6eaba81,2019-12-06T07:54:32.320Z
5d610ae1653a331687083239,5d7f31ca6c53455f896e5fe5,2019-12-06T15:23:09.003Z
5de50d768eab6401affbb135,5d610ae1653a331687083239,2019-12-07T15:17:01.352Z
5d610ae1653a331687083239,5dec8e6f42a8854bf6eaba95,2019-12-08T05:50:00.828Z
5d6d2bb87fa40e1417a49315,5dec8e6f42a8854bf6eaba95,2019-12-08T05:50:06.078Z
5d7f31ca6c53455f896e5fe5,5ded443342a8854bf6eaba9a,2019-12-08T18:43:55.217Z
5de50d768eab6401affbb135,5d7c994d5720533e15c3b1e9,2019-12-09T20:09:11.406Z
5d610ae1653a331687083239,5deeef6142a8854bf6eabab9,2019-12-10T01:05:59.614Z
5d618359fc5fcf3bdd9a0910,5deeef6142a8854bf6eabab9,2019-12-10T01:06:01.294Z
5d618359fc5fcf3bdd9a0910,5defd51362624b0135ea9fd2,2019-12-10T17:28:35.007Z
5d618359fc5fcf3bdd9a0910,5dec8e6f42a8854bf6eaba95,2019-12-11T13:43:56.801Z
5d610ae1653a331687083239,5df11ee1ee4bb5252b4f5344,2019-12-11T16:54:23.100Z
5d6d2bb87fa40e1417a49315,5df11ee1ee4bb5252b4f5344,2019-12-11T16:54:28.412Z
5de50d768eab6401affbb135,5dec8e6f42a8854bf6eaba95,2019-12-11T17:01:03.405Z
5df11c2aee4bb5252b4f5342,5df19ea1ee4bb5252b4f534d,2019-12-12T02:01:28.557Z
5deeef6142a8854bf6eabab9,5df19ea1ee4bb5252b4f534d,2019-12-12T02:01:32.437Z
5d610ae1653a331687083239,5df3f8f2ee4bb5252b4f5393,2019-12-13T20:48:17.766Z
5de50d768eab6401affbb135,5de9238349e8203ff9219a7c,2019-12-14T06:01:21.825Z
5dec8e6f42a8854bf6eaba95,5de9238349e8203ff9219a7c,2019-12-14T06:01:27.043Z
5df4728ccc709107827fb3ba,5df49b32cc709107827fb3c7,2019-12-14T16:29:57.248Z
5d986d67979d5962253c2f68,5df49b32cc709107827fb3c7,2019-12-14T19:57:39.806Z
5d90fc1a641ef364939fb6cc,5df75db3cc709107827fb400,2019-12-16T10:34:54.968Z
5d610ae1653a331687083239,5df8fececc709107827fb41a,2019-12-17T16:26:58.265Z
5de50d768eab6401affbb135,5df8fececc709107827fb41a,2019-12-17T16:27:09.579Z
5de50d768eab6401affbb135,5df11ee1ee4bb5252b4f5344,2019-12-18T16:31:51.818Z
5deeef6142a8854bf6eabab9,5df11ee1ee4bb5252b4f5344,2019-12-18T16:32:22.936Z
5d610ae1653a331687083239,5df4858acc709107827fb3c5,2019-12-21T10:05:45.192Z
5d618359fc5fcf3bdd9a0910,5df4858acc709107827fb3c5,2019-12-21T10:05:46.431Z
5d6d2bb87fa40e1417a49315,5df8fececc709107827fb41a,2019-12-21T13:12:21.944Z
5d8ba8776c53455f896e60b4,5df8fececc709107827fb41a,2019-12-21T13:12:27.317Z
5d8c507e6c53455f896e60bb,5df8fececc709107827fb41a,2019-12-21T13:12:30.067Z
5df4858acc709107827fb3c5,5dfe46d4d815be0c88c9240b,2019-12-21T16:25:12.602Z
5db1b837645c064c2bffd7b9,5d60098a653a331687083238,2019-12-21T20:02:09.081Z
5dec8e6f42a8854bf6eaba95,5e00c858d815be0c88c92423,2019-12-23T14:08:34.395Z
5d986d67979d5962253c2f68,5e00c858d815be0c88c92423,2019-12-23T14:10:58.316Z
5d618359fc5fcf3bdd9a0910,5df8fececc709107827fb41a,2019-12-29T06:50:02.460Z
5d6d2bb87fa40e1417a49315,5df4858acc709107827fb3c5,2019-12-29T07:02:51.178Z
5d610ae1653a331687083239,5defd51362624b0135ea9fd2,2019-12-30T08:04:47.336Z
5d7f31ca6c53455f896e5fe5,5defd51362624b0135ea9fd2,2019-12-30T08:09:15.759Z
5df4858acc709107827fb3c5,5d618359fc5fcf3bdd9a0910,2019-12-30T10:08:08.132Z
5d986d67979d5962253c2f68,5df8fececc709107827fb41a,2020-01-02T07:20:39.787Z
5db1b837645c064c2bffd7b9,5df8fececc709107827fb41a,2020-01-02T07:20:48.316Z
5db3ecc599cbb90e4339c765,5df8fececc709107827fb41a,2020-01-02T07:20:53.444Z
5df4858acc709107827fb3c5,5df8fececc709107827fb41a,2020-01-02T07:21:07.212Z
5d90fc1a641ef364939fb6cc,5e11c0352a37d20505da2ada,2020-01-05T11:09:12.605Z
5d90fc1a641ef364939fb6cc,5e11e0912a37d20505da2add,2020-01-05T13:14:19.105Z
5d7c994d5720533e15c3b1e9,5e11f2682a37d20505da2ae3,2020-01-05T14:32:33.221Z
5de50d768eab6401affbb135,5e11f2682a37d20505da2ae3,2020-01-05T14:32:42.368Z
5d90fc1a641ef364939fb6cc,5df8fececc709107827fb41a,2020-01-05T16:08:33.951Z
5d7f8e146c53455f896e5fed,5df8fececc709107827fb41a,2020-01-05T16:09:00.446Z
5d60098a653a331687083238,5e187e202a37d20505da2b4a,2020-01-10T13:42:15.726Z
5df8fececc709107827fb41a,5d6d2bb87fa40e1417a49315,2020-01-14T16:39:00.645Z
5de50d768eab6401affbb135,5e216af32a37d20505da2b9b,2020-01-17T08:07:38.912Z
5d6d2bb87fa40e1417a49315,5e216af32a37d20505da2b9b,2020-01-17T08:07:47.151Z
5de50d768eab6401affbb135,5e218bf42a37d20505da2b9f,2020-01-17T10:27:50.953Z
5d986d67979d5962253c2f68,5e218bf42a37d20505da2b9f,2020-01-17T12:05:30.155Z
5e218bf42a37d20505da2b9f,5e216af32a37d20505da2b9b,2020-01-17T15:46:52.773Z
5e21a7a42a37d20505da2baa,5e216af32a37d20505da2b9b,2020-01-17T16:28:51.045Z
5e218bf42a37d20505da2b9f,5d6d2bb87fa40e1417a49315,2020-01-18T18:27:51.493Z
5d90fc1a641ef364939fb6cc,5d6d2bb87fa40e1417a49315,2020-01-19T17:44:49.126Z
5e216af32a37d20505da2b9b,5d6d2bb87fa40e1417a49315,2020-01-19T17:56:11.868Z
5df8fececc709107827fb41a,5e26bb482a37d20505da2c10,2020-01-21T08:50:49.398Z
5df4858acc709107827fb3c5,5d60098a653a331687083238,2020-01-21T18:06:28.586Z
5e286ac1025ae20886de205b,5d6d2bb87fa40e1417a49315,2020-01-22T19:35:20.160Z
5d610ae1653a331687083239,5e286ac1025ae20886de205b,2020-01-24T10:33:45.966Z
5d618359fc5fcf3bdd9a0910,5e286ac1025ae20886de205b,2020-01-24T10:33:47.488Z
5d6d2bb87fa40e1417a49315,5e286ac1025ae20886de205b,2020-01-24T10:33:49.576Z
5d7c994d5720533e15c3b1e9,5e286ac1025ae20886de205b,2020-01-24T10:33:51.555Z
5d7f31ca6c53455f896e5fe5,5e286ac1025ae20886de205b,2020-01-24T10:33:53.007Z
5d7f8e146c53455f896e5fed,5e286ac1025ae20886de205b,2020-01-24T10:33:55.611Z
5d89ea236c53455f896e60b2,5e286ac1025ae20886de205b,2020-01-24T10:33:57.545Z
5d8ba8776c53455f896e60b4,5e286ac1025ae20886de205b,2020-01-24T10:33:59.057Z
5d8c507e6c53455f896e60bb,5e286ac1025ae20886de205b,2020-01-24T10:34:00.723Z
5d90fc1a641ef364939fb6cc,5e286ac1025ae20886de205b,2020-01-24T10:34:01.539Z
5d96595a979d5962253c2f4e,5e286ac1025ae20886de205b,2020-01-24T10:34:02.909Z
5d986d67979d5962253c2f68,5e286ac1025ae20886de205b,2020-01-24T10:34:04.477Z
5d9a2982979d5962253c2f81,5e286ac1025ae20886de205b,2020-01-24T10:34:05.871Z
5d9ddcc868671220a1b2b1b2,5e286ac1025ae20886de205b,2020-01-24T10:34:07.486Z
5db1b837645c064c2bffd7b9,5e286ac1025ae20886de205b,2020-01-24T10:34:09.074Z
5d6d2bb87fa40e1417a49315,5d89ea236c53455f896e60b2,2020-01-24T15:56:39.755Z
5d7c994d5720533e15c3b1e9,5d89ea236c53455f896e60b2,2020-01-24T15:56:47.264Z
5d8c507e6c53455f896e60bb,5d89ea236c53455f896e60b2,2020-01-24T15:57:11.204Z
5d986d67979d5962253c2f68,5d89ea236c53455f896e60b2,2020-01-24T15:57:18.233Z
5d9a2982979d5962253c2f81,5d89ea236c53455f896e60b2,2020-01-24T15:57:20.353Z
5de50d768eab6401affbb135,5d89ea236c53455f896e60b2,2020-01-24T15:57:24.504Z
5d610ae1653a331687083239,5e26bb482a37d20505da2c10,2020-01-24T15:57:28.851Z
5d618359fc5fcf3bdd9a0910,5e26bb482a37d20505da2c10,2020-01-24T16:32:00.356Z
5e2ef793c85ab714a7da66f3,5d9a2982979d5962253c2f81,2020-01-28T03:55:01.736Z
5d9a2982979d5962253c2f81,5e2ef793c85ab714a7da66f3,2020-01-28T03:58:40.524Z
5e26bb482a37d20505da2c10,5e300ba9c85ab714a7da671d,2020-01-28T10:27:05.551Z
5d90fc1a641ef364939fb6cc,5e154ef82a37d20505da2b21,2020-01-29T06:39:07.807Z
5e11c0352a37d20505da2ada,5e154ef82a37d20505da2b21,2020-01-29T06:39:38.911Z
5d6d2bb87fa40e1417a49315,5e26bb482a37d20505da2c10,2020-01-29T09:30:39.800Z
5d89ea236c53455f896e60b2,5e26bb482a37d20505da2c10,2020-01-29T09:30:49.310Z
5e26bb482a37d20505da2c10,5df8fececc709107827fb41a,2020-01-29T15:43:15.718Z
5d610ae1653a331687083239,5e324ac2c85ab714a7da676b,2020-01-30T03:18:48.198Z
5d618359fc5fcf3bdd9a0910,5e324ac2c85ab714a7da676b,2020-01-30T03:18:48.998Z
5d60098a653a331687083238,5e363ecb8d344822fed4d141,2020-02-02T18:13:01.792Z
5d610ae1653a331687083239,5e363ecb8d344822fed4d141,2020-02-02T18:13:03.872Z
5d89ea236c53455f896e60b2,5e363ecb8d344822fed4d141,2020-02-02T18:13:10.077Z
5d8ba8776c53455f896e60b4,5e363ecb8d344822fed4d141,2020-02-02T18:13:13.574Z
5d8c507e6c53455f896e60bb,5e363ecb8d344822fed4d141,2020-02-02T18:13:15.812Z
5d90fc1a641ef364939fb6cc,5e363ecb8d344822fed4d141,2020-02-02T18:13:17.667Z
5d96595a979d5962253c2f4e,5e363ecb8d344822fed4d141,2020-02-02T18:13:19.617Z
5d9ddcc868671220a1b2b1b2,5e363ecb8d344822fed4d141,2020-02-02T18:13:21.877Z
5db1b837645c064c2bffd7b9,5e363ecb8d344822fed4d141,2020-02-02T18:13:23.237Z
5db3ecc599cbb90e4339c765,5e363ecb8d344822fed4d141,2020-02-02T18:13:25.427Z
5d7c994d5720533e15c3b1e9,5e37b16ceab55d319938a6f8,2020-02-03T05:40:29.411Z
5d610ae1653a331687083239,5e3563348d344822fed4d13a,2020-02-03T18:42:25.751Z
5de50d768eab6401affbb135,5e3563348d344822fed4d13a,2020-02-03T18:42:38.931Z
5d60098a653a331687083238,5e395a86eab55d319938a72a,2020-02-04T11:53:42.913Z
5e3563348d344822fed4d13a,5d618359fc5fcf3bdd9a0910,2020-02-08T07:00:32.074Z
5d8ba8776c53455f896e60b4,5e3f1d90eab55d319938a7b6,2020-02-08T20:49:13.518Z
5d8c507e6c53455f896e60bb,5e3f1d90eab55d319938a7b6,2020-02-08T20:49:16.096Z
5d90fc1a641ef364939fb6cc,5e3f1d90eab55d319938a7b6,2020-02-08T20:49:21.508Z
5d96595a979d5962253c2f4e,5e3f1d90eab55d319938a7b6,2020-02-08T20:49:23.739Z
5d986d67979d5962253c2f68,5e3f1d90eab55d319938a7b6,2020-02-08T20:49:27.757Z
5d9a2982979d5962253c2f81,5e3f1d90eab55d319938a7b6,2020-02-08T20:49:31.376Z
5d9ddcc868671220a1b2b1b2,5e3f1d90eab55d319938a7b6,2020-02-08T20:49:48.370Z
5d60098a653a331687083238,5e3f1d90eab55d319938a7b6,2020-02-08T20:50:05.491Z
5d610ae1653a331687083239,5e3f1d90eab55d319938a7b6,2020-02-08T20:50:15.232Z
5d618359fc5fcf3bdd9a0910,5e3f1d90eab55d319938a7b6,2020-02-08T20:50:19.751Z
5d6d2bb87fa40e1417a49315,5e3f1d90eab55d319938a7b6,2020-02-08T20:50:23.234Z
5e26bb482a37d20505da2c10,5e3f1d90eab55d319938a7b6,2020-02-08T20:58:55.934Z
5e1ef04c2a37d20505da2b8b,5e3f1d90eab55d319938a7b6,2020-02-08T21:08:31.912Z
5e363ecb8d344822fed4d141,5e3f1d90eab55d319938a7b6,2020-02-08T21:11:52.692Z
5e286ac1025ae20886de205b,5e3f1d90eab55d319938a7b6,2020-02-09T02:28:13.877Z
5e363dc08d344822fed4d140,5e42d34deab55d319938a850,2020-02-11T16:32:47.196Z
5e26bb482a37d20505da2c10,5e42d34deab55d319938a850,2020-02-11T16:33:20.637Z
5e3563348d344822fed4d13a,5e42d34deab55d319938a850,2020-02-11T16:33:39.977Z
5d6d2bb87fa40e1417a49315,5e42d34deab55d319938a850,2020-02-11T16:34:01.787Z
5e1ef04c2a37d20505da2b8b,5e42d34deab55d319938a850,2020-02-11T16:34:18.143Z
5d7c994d5720533e15c3b1e9,5e42d34deab55d319938a850,2020-02-11T16:34:27.367Z
5de50d768eab6401affbb135,5e42d34deab55d319938a850,2020-02-11T16:34:40.767Z
5e46c99af5561b1994c8e34e,5d90fc1a641ef364939fb6cc,2020-02-14T17:07:38.096Z
5d90fc1a641ef364939fb6cc,5e484df6f5561b1994c8e360,2020-02-15T20:05:04.413Z
5d60098a653a331687083238,5e4e172ef5561b1994c8e458,2020-02-20T05:28:06.079Z
5d610ae1653a331687083239,5e4ea3fef5561b1994c8e468,2020-02-20T15:36:29.331Z
5df8fececc709107827fb41a,5e4fe66bd15de17a8cf1b8e4,2020-02-21T15:27:55.043Z
5d60098a653a331687083238,5e50b9e2d15de17a8cf1b95a,2020-02-22T05:21:26.635Z
5d7c994d5720533e15c3b1e9,5df20f1fee4bb5252b4f5351,2020-02-24T06:53:32.019Z
5d7c994d5720533e15c3b1e9,5df38ca4ee4bb5252b4f5381,2020-02-24T07:52:54.942Z
5d7c994d5720533e15c3b1e9,5e5607bfd701ab08af792ada,2020-02-26T05:54:03.834Z
5e5b4eddd701ab08af792b75,5e54ff15d701ab08af792ac9,2020-03-01T06:56:04.094Z
5e5b4232d701ab08af792b6c,5e54ff15d701ab08af792ac9,2020-03-01T06:56:22.392Z
5e52a308d701ab08af7929e9,5e54ff15d701ab08af792ac9,2020-03-01T06:56:36.852Z
5d7c994d5720533e15c3b1e9,5e54ff15d701ab08af792ac9,2020-03-01T06:56:46.084Z
5e26bb482a37d20505da2c10,5e54ff15d701ab08af792ac9,2020-03-01T06:56:55.371Z
5e3563348d344822fed4d13a,5e54ff15d701ab08af792ac9,2020-03-01T06:57:02.536Z
5e5a03e2d701ab08af792b56,5e54ff15d701ab08af792ac9,2020-03-01T06:57:10.099Z
5d9a2982979d5962253c2f81,5e54ff15d701ab08af792ac9,2020-03-01T06:57:17.573Z
5dec8e6f42a8854bf6eaba95,5e54ff15d701ab08af792ac9,2020-03-01T06:57:24.856Z
5e363ecb8d344822fed4d141,5e54ff15d701ab08af792ac9,2020-03-01T06:57:51.709Z
5e1ef04c2a37d20505da2b8b,5e54ff15d701ab08af792ac9,2020-03-01T06:58:04.321Z
5d618359fc5fcf3bdd9a0910,5e5bb260d701ab08af792bf7,2020-03-01T13:06:33.745Z
5d60098a653a331687083238,5e5bb260d701ab08af792bf7,2020-03-01T13:06:42.839Z
5d610ae1653a331687083239,5e5bb14cd701ab08af792bf6,2020-03-01T15:30:05.015Z
5d610ae1653a331687083239,5e5b4511d701ab08af792b6d,2020-03-02T15:18:02.677Z
5e5b4511d701ab08af792b6d,5e5d24e7fbc8805f69e02c87,2020-03-02T15:25:00.857Z
5d610ae1653a331687083239,5e4ce251f5561b1994c8e40d,2020-03-03T11:20:46.484Z
5d618359fc5fcf3bdd9a0910,5e4ce251f5561b1994c8e40d,2020-03-03T11:21:23.891Z
5d610ae1653a331687083239,5e5d2689fbc8805f69e02c8b,2020-03-03T11:46:17.288Z
5e5b4eddd701ab08af792b75,5d60098a653a331687083238,2020-03-03T12:44:17.199Z
5e5bb14cd701ab08af792bf6,5d618359fc5fcf3bdd9a0910,2020-03-04T18:08:05.164Z
5d618359fc5fcf3bdd9a0910,5e5bb14cd701ab08af792bf6,2020-03-05T18:23:59.043Z
5d610ae1653a331687083239,5e5af599d701ab08af792b63,2020-03-06T14:26:36.901Z
5e5b4511d701ab08af792b6d,5e63b2c885ae350860168b48,2020-03-07T14:44:00.710Z
5d610ae1653a331687083239,5e65511d85ae350860168b75,2020-03-09T02:43:54.777Z
5de50d768eab6401affbb135,5e5855ced701ab08af792b51,2020-03-10T22:09:52.031Z
5e6cc0f3ed32a005135d6baa,5e4ce251f5561b1994c8e40d,2020-03-14T11:34:19.333Z
5e5af599d701ab08af792b63,5e6e13fbed32a005135d6bb2,2020-03-15T12:32:43.343Z
5de50d768eab6401affbb135,5e5b4eddd701ab08af792b75,2020-03-18T03:42:13.586Z
5dec8e6f42a8854bf6eaba95,5e5b4eddd701ab08af792b75,2020-03-18T03:42:21.139Z
5e4ce251f5561b1994c8e40d,5e7212c01b24db0468e90cdc,2020-03-18T12:32:50.290Z
5e4ce251f5561b1994c8e40d,5e72108b1b24db0468e90cd9,2020-03-18T12:34:26.671Z
5e4ce251f5561b1994c8e40d,5e733ae51b24db0468e90ced,2020-03-19T09:38:43.883Z
5d89ea236c53455f896e60b2,5e77b928cfc8b713f5ac7bc7,2020-03-22T19:16:21.956Z
5d9ddcc868671220a1b2b1b2,5e77b928cfc8b713f5ac7bc7,2020-03-22T19:16:36.623Z
5de50d768eab6401affbb135,5e77b928cfc8b713f5ac7bc7,2020-03-22T19:16:45.387Z
5df4858acc709107827fb3c5,5e77b928cfc8b713f5ac7bc7,2020-03-22T19:17:02.827Z
5e00c69ed815be0c88c92421,5e77b928cfc8b713f5ac7bc7,2020-03-22T19:17:13.243Z
5e00c858d815be0c88c92423,5e77b928cfc8b713f5ac7bc7,2020-03-22T19:17:14.084Z
5d89ea236c53455f896e60b2,5e77bdbdcfc8b713f5ac7be3,2020-03-22T19:36:14.391Z
5d89ea236c53455f896e60b2,5e7830cacfc8b713f5ac7c53,2020-03-23T03:45:49.735Z
5d8c507e6c53455f896e60bb,5e7830cacfc8b713f5ac7c53,2020-03-23T03:45:56.034Z
5d96595a979d5962253c2f4e,5e7830cacfc8b713f5ac7c53,2020-03-23T03:46:03.079Z
5d986d67979d5962253c2f68,5e7830cacfc8b713f5ac7c53,2020-03-23T03:46:05.943Z
5d9a2982979d5962253c2f81,5e7830cacfc8b713f5ac7c53,2020-03-23T03:46:08.774Z
5d9ddcc868671220a1b2b1b2,5e7830cacfc8b713f5ac7c53,2020-03-23T03:46:11.300Z
5dec8e6f42a8854bf6eaba95,5e7830cacfc8b713f5ac7c53,2020-03-23T03:46:20.563Z
5d60098a653a331687083238,5e783375cfc8b713f5ac7c5b,2020-03-23T04:16:35.609Z
5d610ae1653a331687083239,5e783375cfc8b713f5ac7c5b,2020-03-23T04:16:37.389Z
5d618359fc5fcf3bdd9a0910,5e783375cfc8b713f5ac7c5b,2020-03-23T04:16:39.729Z
5d6d2bb87fa40e1417a49315,5e783375cfc8b713f5ac7c5b,2020-03-23T04:16:40.559Z
5d7c994d5720533e15c3b1e9,5e783375cfc8b713f5ac7c5b,2020-03-23T04:16:41.792Z
5d89ea236c53455f896e60b2,5e783375cfc8b713f5ac7c5b,2020-03-23T04:16:42.907Z
5d8ba8776c53455f896e60b4,5e783375cfc8b713f5ac7c5b,2020-03-23T04:16:46.013Z
5d8c507e6c53455f896e60bb,5e783375cfc8b713f5ac7c5b,2020-03-23T04:16:47.758Z
5d90fc1a641ef364939fb6cc,5e783375cfc8b713f5ac7c5b,2020-03-23T04:16:48.879Z
5d96595a979d5962253c2f4e,5e783375cfc8b713f5ac7c5b,2020-03-23T04:16:49.919Z
5de50d768eab6401affbb135,5e783375cfc8b713f5ac7c5b,2020-03-23T04:16:51.058Z
5de9238349e8203ff9219a7c,5e783375cfc8b713f5ac7c5b,2020-03-23T04:16:52.918Z
5de9b4d942a8854bf6eaba7e,5e783375cfc8b713f5ac7c5b,2020-03-23T04:16:53.999Z
5dea092042a8854bf6eaba81,5e783375cfc8b713f5ac7c5b,2020-03-23T04:16:55.039Z
5dec8e6f42a8854bf6eaba95,5e783375cfc8b713f5ac7c5b,2020-03-23T04:16:56.449Z
5df11ee1ee4bb5252b4f5344,5e783375cfc8b713f5ac7c5b,2020-03-23T04:16:57.350Z
5df12004ee4bb5252b4f5348,5e783375cfc8b713f5ac7c5b,2020-03-23T04:16:58.269Z
5df12894ee4bb5252b4f534b,5e783375cfc8b713f5ac7c5b,2020-03-23T04:16:59.113Z
5df19ea1ee4bb5252b4f534d,5e783375cfc8b713f5ac7c5b,2020-03-23T04:16:59.970Z
5df20f1fee4bb5252b4f5351,5e783375cfc8b713f5ac7c5b,2020-03-23T04:17:00.920Z
5df35006ee4bb5252b4f537d,5e783375cfc8b713f5ac7c5b,2020-03-23T04:17:02.358Z
5df35affee4bb5252b4f537f,5e783375cfc8b713f5ac7c5b,2020-03-23T04:17:03.189Z
5df38ca4ee4bb5252b4f5381,5e783375cfc8b713f5ac7c5b,2020-03-23T04:17:04.139Z
5df3f8f2ee4bb5252b4f5393,5e783375cfc8b713f5ac7c5b,2020-03-23T04:17:05.728Z
5df4728ccc709107827fb3ba,5e783375cfc8b713f5ac7c5b,2020-03-23T04:17:06.239Z
5df8fececc709107827fb41a,5e783375cfc8b713f5ac7c5b,2020-03-23T04:17:07.679Z
5dfc7a7ccc709107827fb429,5e783375cfc8b713f5ac7c5b,2020-03-23T04:17:08.611Z
5dfe46d4d815be0c88c9240b,5e783375cfc8b713f5ac7c5b,2020-03-23T04:17:10.589Z
5dfee79fd815be0c88c9241b,5e783375cfc8b713f5ac7c5b,2020-03-23T04:17:14.170Z
5e00c69ed815be0c88c92421,5e783375cfc8b713f5ac7c5b,2020-03-23T04:17:16.233Z
5e00e272d815be0c88c9242c,5e783375cfc8b713f5ac7c5b,2020-03-23T04:17:16.668Z
5e00e2f0d815be0c88c9242e,5e783375cfc8b713f5ac7c5b,2020-03-23T04:17:17.749Z
5e0125a2d815be0c88c92431,5e783375cfc8b713f5ac7c5b,2020-03-23T04:17:18.888Z
5e01a4e4d815be0c88c92433,5e783375cfc8b713f5ac7c5b,2020-03-23T04:17:20.871Z
5e0383e8d815be0c88c92438,5e783375cfc8b713f5ac7c5b,2020-03-23T04:17:22.196Z
5e11e0912a37d20505da2add,5e783375cfc8b713f5ac7c5b,2020-03-23T04:17:22.598Z
5e11ebeb2a37d20505da2ae1,5e783375cfc8b713f5ac7c5b,2020-03-23T04:17:24.349Z
5e11f2682a37d20505da2ae3,5e783375cfc8b713f5ac7c5b,2020-03-23T04:17:24.629Z
5e12ac942a37d20505da2af0,5e783375cfc8b713f5ac7c5b,2020-03-23T04:17:26.002Z
5e12cf5b2a37d20505da2af2,5e783375cfc8b713f5ac7c5b,2020-03-23T04:17:26.849Z
5e154ef82a37d20505da2b21,5e783375cfc8b713f5ac7c5b,2020-03-23T04:17:28.249Z
5e15bc462a37d20505da2b28,5e783375cfc8b713f5ac7c5b,2020-03-23T04:17:29.050Z
5e16194d2a37d20505da2b39,5e783375cfc8b713f5ac7c5b,2020-03-23T04:17:29.849Z
5e16cee92a37d20505da2b3b,5e783375cfc8b713f5ac7c5b,2020-03-23T04:17:31.789Z
5e16e3492a37d20505da2b3f,5e783375cfc8b713f5ac7c5b,2020-03-23T04:17:32.269Z
5e218bf42a37d20505da2b9f,5e783375cfc8b713f5ac7c5b,2020-03-23T04:17:33.899Z
5e2199162a37d20505da2ba2,5e783375cfc8b713f5ac7c5b,2020-03-23T04:17:34.200Z
5e21a7a42a37d20505da2baa,5e783375cfc8b713f5ac7c5b,2020-03-23T04:17:35.268Z
5e25cfbf2a37d20505da2c0c,5e783375cfc8b713f5ac7c5b,2020-03-23T04:17:36.752Z
5e26819b2a37d20505da2c0e,5e783375cfc8b713f5ac7c5b,2020-03-23T04:17:38.158Z
5e29df1ec85ab714a7da6688,5e783375cfc8b713f5ac7c5b,2020-03-23T04:17:39.029Z
5e2a70c4c85ab714a7da6689,5e783375cfc8b713f5ac7c5b,2020-03-23T04:17:39.769Z
5e2b0484c85ab714a7da66a5,5e783375cfc8b713f5ac7c5b,2020-03-23T04:17:40.780Z
5e2b0773c85ab714a7da66a6,5e783375cfc8b713f5ac7c5b,2020-03-23T04:17:41.569Z
5e2b082bc85ab714a7da66a7,5e783375cfc8b713f5ac7c5b,2020-03-23T04:17:43.159Z
5e2b15d6c85ab714a7da66b6,5e783375cfc8b713f5ac7c5b,2020-03-23T04:17:44.030Z
5e2b1a7cc85ab714a7da66b8,5e783375cfc8b713f5ac7c5b,2020-03-23T04:17:44.878Z
5e2b1b26c85ab714a7da66ba,5e783375cfc8b713f5ac7c5b,2020-03-23T04:17:46.338Z
5d618359fc5fcf3bdd9a0910,5e784835cfc8b713f5ac7ca3,2020-03-23T05:25:49.960Z
5d60098a653a331687083238,5e784835cfc8b713f5ac7ca3,2020-03-23T05:25:50.872Z
5e783375cfc8b713f5ac7c5b,5e785184cfc8b713f5ac7ca8,2020-03-23T06:06:55.520Z
5d60098a653a331687083238,5e787557cfc8b713f5ac7cbd,2020-03-23T08:41:34.281Z
5d7f8e146c53455f896e5fed,5e787557cfc8b713f5ac7cbd,2020-03-23T08:41:43.127Z
5d89ea236c53455f896e60b2,5e787557cfc8b713f5ac7cbd,2020-03-23T08:41:47.557Z
5d8ba8776c53455f896e60b4,5e787557cfc8b713f5ac7cbd,2020-03-23T08:41:49.950Z
5d9a2982979d5962253c2f81,5e787557cfc8b713f5ac7cbd,2020-03-23T08:41:53.735Z
5db1b837645c064c2bffd7b9,5e787557cfc8b713f5ac7cbd,2020-03-23T08:41:56.941Z
5dec8e6f42a8854bf6eaba95,5e787557cfc8b713f5ac7cbd,2020-03-23T08:42:02.224Z
5deeef6142a8854bf6eabab9,5e787557cfc8b713f5ac7cbd,2020-03-23T08:42:06.345Z
5e783375cfc8b713f5ac7c5b,5e787557cfc8b713f5ac7cbd,2020-03-23T08:46:54.972Z
5e5bb14cd701ab08af792bf6,5e787557cfc8b713f5ac7cbd,2020-03-23T08:49:21.778Z
5d7f31ca6c53455f896e5fe5,5e790c3dcfc8b713f5ac7d08,2020-03-23T19:42:05.202Z
5d7f31ca6c53455f896e5fe5,5e7916e4cfc8b713f5ac7d0e,2020-03-23T20:07:36.550Z
5d8ba8776c53455f896e60b4,5e799c94cfc8b713f5ac7d2c,2020-03-24T05:46:11.748Z
5e79b1d2cfc8b713f5ac7d3d,5e79b7e6cfc8b713f5ac7d44,2020-03-24T07:37:55.442Z
5e78ce84cfc8b713f5ac7cee,5e79b7e6cfc8b713f5ac7d44,2020-03-24T07:37:59.943Z
5e78cecccfc8b713f5ac7cef,5e79b7e6cfc8b713f5ac7d44,2020-03-24T07:38:12.307Z
5e787557cfc8b713f5ac7cbd,5e79b7e6cfc8b713f5ac7d44,2020-03-24T07:38:18.085Z
5e799c94cfc8b713f5ac7d2c,5e78ce84cfc8b713f5ac7cee,2020-03-24T11:56:26.995Z
5e4ce251f5561b1994c8e40d,5e7a3a29cfc8b713f5ac7d79,2020-03-24T16:56:21.397Z
5e7a3a29cfc8b713f5ac7d79,5e4ce251f5561b1994c8e40d,2020-03-24T16:58:57.160Z
5df49b32cc709107827fb3c7,5e7ae98bcfc8b713f5ac7d8c,2020-03-25T05:25:22.175Z
5d7f31ca6c53455f896e5fe5,5e7909abcfc8b713f5ac7d06,2020-03-25T09:06:00.004Z
5d89ea236c53455f896e60b2,5e7909abcfc8b713f5ac7d06,2020-03-25T09:06:14.008Z
5d8c507e6c53455f896e60bb,5e7909abcfc8b713f5ac7d06,2020-03-25T09:06:48.840Z
5d986d67979d5962253c2f68,5e7909abcfc8b713f5ac7d06,2020-03-25T09:06:56.862Z
5d610ae1653a331687083239,5e0d5ce12a37d20505da2a5d,2020-03-26T16:00:39.446Z
5d618359fc5fcf3bdd9a0910,5e0d5ce12a37d20505da2a5d,2020-03-26T16:00:42.626Z
5d6d2bb87fa40e1417a49315,5e0d5ce12a37d20505da2a5d,2020-03-26T16:00:44.061Z
5de50d768eab6401affbb135,5d60098a653a331687083238,2020-03-26T18:59:47.973Z
5e4ce251f5561b1994c8e40d,5e7de336a3258347b42f210e,2020-03-27T11:34:32.265Z
5d8c507e6c53455f896e60bb,5e7def80a3258347b42f2124,2020-03-27T12:26:23.952Z
5e5af599d701ab08af792b63,5d618359fc5fcf3bdd9a0910,2020-03-28T06:13:24.236Z
5df49b32cc709107827fb3c7,5d618359fc5fcf3bdd9a0910,2020-03-28T06:14:33.766Z
5d618359fc5fcf3bdd9a0910,5e5af599d701ab08af792b63,2020-03-30T17:27:17.250Z
5d60098a653a331687083238,5e822b86a3258347b42f2360,2020-03-30T18:25:07.670Z
5d610ae1653a331687083239,5e822b86a3258347b42f2360,2020-03-30T18:25:08.511Z
5d618359fc5fcf3bdd9a0910,5e822b86a3258347b42f2360,2020-03-30T18:25:09.184Z
5d6d2bb87fa40e1417a49315,5e822b86a3258347b42f2360,2020-03-30T18:25:09.888Z
5d7c994d5720533e15c3b1e9,5e822b86a3258347b42f2360,2020-03-30T18:25:10.656Z
5d90fc1a641ef364939fb6cc,5e822b86a3258347b42f2360,2020-03-30T18:25:16.079Z
5d96595a979d5962253c2f4e,5e822b86a3258347b42f2360,2020-03-30T18:25:17.038Z
5d986d67979d5962253c2f68,5e822b86a3258347b42f2360,2020-03-30T18:25:18.950Z
5d9a2982979d5962253c2f81,5e822b86a3258347b42f2360,2020-03-30T18:25:20.814Z
5d9ddcc868671220a1b2b1b2,5e822b86a3258347b42f2360,2020-03-30T18:25:22.227Z
5de9238349e8203ff9219a7c,5e822b86a3258347b42f2360,2020-03-30T18:25:26.327Z
5de9b4d942a8854bf6eaba7e,5e822b86a3258347b42f2360,2020-03-30T18:25:27.742Z
5dea092042a8854bf6eaba81,5e822b86a3258347b42f2360,2020-03-30T18:25:29.703Z
5dec8e6f42a8854bf6eaba95,5e822b86a3258347b42f2360,2020-03-30T18:25:31.007Z
5df11c2aee4bb5252b4f5342,5e822b86a3258347b42f2360,2020-03-30T18:25:32.630Z
5df11ee1ee4bb5252b4f5344,5e822b86a3258347b42f2360,2020-03-30T18:25:33.806Z
5df12004ee4bb5252b4f5348,5e822b86a3258347b42f2360,2020-03-30T18:25:35.559Z
5df12894ee4bb5252b4f534b,5e822b86a3258347b42f2360,2020-03-30T18:25:36.134Z
5df19ea1ee4bb5252b4f534d,5e822b86a3258347b42f2360,2020-03-30T18:25:37.783Z
5df24eeaee4bb5252b4f5366,5e822b86a3258347b42f2360,2020-03-30T18:25:38.974Z
5df35006ee4bb5252b4f537d,5e822b86a3258347b42f2360,2020-03-30T18:25:40.606Z
5df35affee4bb5252b4f537f,5e822b86a3258347b42f2360,2020-03-30T18:25:41.365Z
5df38ca4ee4bb5252b4f5381,5e822b86a3258347b42f2360,2020-03-30T18:25:43.166Z
5df3f8f2ee4bb5252b4f5393,5e822b86a3258347b42f2360,2020-03-30T18:25:44.590Z
5df7821fcc709107827fb403,5e822b86a3258347b42f2360,2020-03-30T18:25:46.094Z
5df78f2ccc709107827fb405,5e822b86a3258347b42f2360,2020-03-30T18:25:47.368Z
5df8fececc709107827fb41a,5e822b86a3258347b42f2360,2020-03-30T18:25:49.066Z
5dfc7a7ccc709107827fb429,5e822b86a3258347b42f2360,2020-03-30T18:25:50.205Z
5dfe46d4d815be0c88c9240b,5e822b86a3258347b42f2360,2020-03-30T18:25:51.327Z
5e00e195d815be0c88c9242a,5e822b86a3258347b42f2360,2020-03-30T18:25:52.445Z
5e00e272d815be0c88c9242c,5e822b86a3258347b42f2360,2020-03-30T18:25:54.389Z
5e00e2f0d815be0c88c9242e,5e822b86a3258347b42f2360,2020-03-30T18:25:54.886Z
5e0125a2d815be0c88c92431,5e822b86a3258347b42f2360,2020-03-30T18:25:55.877Z
5e01a4e4d815be0c88c92433,5e822b86a3258347b42f2360,2020-03-30T18:25:57.326Z
5e10bdcb2a37d20505da2ad5,5e822b86a3258347b42f2360,2020-03-30T18:25:57.909Z
5e11c0352a37d20505da2ada,5e822b86a3258347b42f2360,2020-03-30T18:25:59.245Z
5e11e0912a37d20505da2add,5e822b86a3258347b42f2360,2020-03-30T18:25:59.917Z
5e11ebeb2a37d20505da2ae1,5e822b86a3258347b42f2360,2020-03-30T18:26:01.389Z
5e11f2682a37d20505da2ae3,5e822b86a3258347b42f2360,2020-03-30T18:26:02.494Z
5e15bc462a37d20505da2b28,5e822b86a3258347b42f2360,2020-03-30T18:26:03.973Z
5e16194d2a37d20505da2b39,5e822b86a3258347b42f2360,2020-03-30T18:26:04.565Z
5e16cee92a37d20505da2b3b,5e822b86a3258347b42f2360,2020-03-30T18:26:06.165Z
5e16e3492a37d20505da2b3f,5e822b86a3258347b42f2360,2020-03-30T18:26:06.750Z
5e187e202a37d20505da2b4a,5e822b86a3258347b42f2360,2020-03-30T18:26:08.375Z
5e216af32a37d20505da2b9b,5e822b86a3258347b42f2360,2020-03-30T18:26:09.773Z
5e218bf42a37d20505da2b9f,5e822b86a3258347b42f2360,2020-03-30T18:26:11.421Z
5e2199162a37d20505da2ba2,5e822b86a3258347b42f2360,2020-03-30T18:26:12.007Z
5e21a7a42a37d20505da2baa,5e822b86a3258347b42f2360,2020-03-30T18:26:13.805Z
5e25cfbf2a37d20505da2c0c,5e822b86a3258347b42f2360,2020-03-30T18:26:15.830Z
5e286ac1025ae20886de205b,5e822b86a3258347b42f2360,2020-03-30T18:26:16.437Z
5e29df1ec85ab714a7da6688,5e822b86a3258347b42f2360,2020-03-30T18:26:17.765Z
5e2a70c4c85ab714a7da6689,5e822b86a3258347b42f2360,2020-03-30T18:26:18.269Z
5e2b0484c85ab714a7da66a5,5e822b86a3258347b42f2360,2020-03-30T18:26:19.549Z
5e2b0773c85ab714a7da66a6,5e822b86a3258347b42f2360,2020-03-30T18:26:20.548Z
5e2b15d6c85ab714a7da66b6,5e822b86a3258347b42f2360,2020-03-30T18:26:21.709Z
5e2b1a7cc85ab714a7da66b8,5e822b86a3258347b42f2360,2020-03-30T18:26:22.678Z
5e2b1b26c85ab714a7da66ba,5e822b86a3258347b42f2360,2020-03-30T18:26:23.781Z
5e2b1b53c85ab714a7da66bb,5e822b86a3258347b42f2360,2020-03-30T18:26:24.677Z
5e2b1d52c85ab714a7da66bd,5e822b86a3258347b42f2360,2020-03-30T18:26:25.805Z
5e2b3ba4c85ab714a7da66c2,5e822b86a3258347b42f2360,2020-03-30T18:26:26.837Z
5e2b3fd0c85ab714a7da66c5,5e822b86a3258347b42f2360,2020-03-30T18:26:27.989Z
5e2b4362c85ab714a7da66c6,5e822b86a3258347b42f2360,2020-03-30T18:26:28.478Z
5e2b4437c85ab714a7da66c7,5e822b86a3258347b42f2360,2020-03-30T18:26:29.869Z
5e2b63c2c85ab714a7da66c8,5e822b86a3258347b42f2360,2020-03-30T18:26:31.117Z
5e2bdb2ec85ab714a7da66cd,5e822b86a3258347b42f2360,2020-03-30T18:26:31.556Z
5e2c0967c85ab714a7da66ce,5e822b86a3258347b42f2360,2020-03-30T18:26:32.821Z
5e2c131cc85ab714a7da66cf,5e822b86a3258347b42f2360,2020-03-30T18:26:33.724Z
5e2e886dc85ab714a7da66e2,5e822b86a3258347b42f2360,2020-03-30T18:26:34.805Z
5e2e98b6c85ab714a7da66e4,5e822b86a3258347b42f2360,2020-03-30T18:26:35.828Z
5e300799c85ab714a7da671a,5e822b86a3258347b42f2360,2020-03-30T18:26:36.725Z
5e3007cbc85ab714a7da671b,5e822b86a3258347b42f2360,2020-03-30T18:26:37.892Z
5e3008dac85ab714a7da671c,5e822b86a3258347b42f2360,2020-03-30T18:26:38.493Z
5e300ba9c85ab714a7da671d,5e822b86a3258347b42f2360,2020-03-30T18:26:39.988Z
5e3014f1c85ab714a7da6720,5e822b86a3258347b42f2360,2020-03-30T18:26:41.276Z
5e30246cc85ab714a7da672a,5e822b86a3258347b42f2360,2020-03-30T18:26:41.813Z
5e363ecb8d344822fed4d141,5e822b86a3258347b42f2360,2020-03-30T18:26:48.548Z
5e365e758d344822fed4d144,5e822b86a3258347b42f2360,2020-03-30T18:26:49.077Z
5e36669c8d344822fed4d145,5e822b86a3258347b42f2360,2020-03-30T18:26:50.836Z
5e37b16ceab55d319938a6f8,5e822b86a3258347b42f2360,2020-03-30T18:26:51.932Z
5e392502eab55d319938a728,5e822b86a3258347b42f2360,2020-03-30T18:26:54.002Z
5e3e5dd9eab55d319938a762,5e822b86a3258347b42f2360,2020-03-30T18:26:54.179Z
5e4195c3eab55d319938a82c,5e822b86a3258347b42f2360,2020-03-30T18:26:56.989Z
5e42be3eeab55d319938a84d,5e822b86a3258347b42f2360,2020-03-30T18:26:57.716Z
5e42d34deab55d319938a850,5e822b86a3258347b42f2360,2020-03-30T18:26:59.772Z
5e436098eab55d319938a877,5e822b86a3258347b42f2360,2020-03-30T18:27:00.324Z
5e4413aaeab55d319938a883,5e822b86a3258347b42f2360,2020-03-30T18:27:02.365Z
5e461786f5561b1994c8e33a,5e822b86a3258347b42f2360,2020-03-30T18:27:02.820Z
5e462e91f5561b1994c8e33b,5e822b86a3258347b42f2360,2020-03-30T18:27:05.149Z
5e46347ff5561b1994c8e33d,5e822b86a3258347b42f2360,2020-03-30T18:27:06.221Z
5e463447f5561b1994c8e33c,5e822b86a3258347b42f2360,2020-03-30T18:27:06.820Z
5e4ea3fef5561b1994c8e468,5e822b86a3258347b42f2360,2020-03-30T18:27:16.108Z
5e4fde96d15de17a8cf1b8ce,5e822b86a3258347b42f2360,2020-03-30T18:27:16.732Z
5e5855ced701ab08af792b51,5e822b86a3258347b42f2360,2020-03-30T18:28:17.360Z
5e4ce251f5561b1994c8e40d,5e8309c4a3258347b42f23f4,2020-03-31T09:35:20.873Z
5e5bcadbd701ab08af792bfb,5e8309c4a3258347b42f23f4,2020-04-01T14:20:33.134Z
5e5af599d701ab08af792b63,5d60098a653a331687083238,2020-04-02T18:39:02.797Z
5d7c994d5720533e15c3b1e9,5e880f02a3258347b42f252c,2020-04-04T04:46:21.343Z
5de50d768eab6401affbb135,5e880f02a3258347b42f252c,2020-04-04T04:48:21.117Z
5e5af599d701ab08af792b63,5e880f02a3258347b42f252c,2020-04-04T04:49:31.116Z
5d6d2bb87fa40e1417a49315,5e880f02a3258347b42f252c,2020-04-04T04:50:11.030Z
5d60098a653a331687083238,5e88156ca3258347b42f2542,2020-04-04T05:10:36.440Z
5d610ae1653a331687083239,5e88156ca3258347b42f2542,2020-04-04T05:10:37.746Z
5d618359fc5fcf3bdd9a0910,5e88156ca3258347b42f2542,2020-04-04T05:10:38.567Z
5d6d2bb87fa40e1417a49315,5e88156ca3258347b42f2542,2020-04-04T05:10:39.463Z
5d7c994d5720533e15c3b1e9,5e88156ca3258347b42f2542,2020-04-04T05:10:40.377Z
5d7f31ca6c53455f896e5fe5,5e88156ca3258347b42f2542,2020-04-04T05:10:41.249Z
5d7f8e146c53455f896e5fed,5e88156ca3258347b42f2542,2020-04-04T05:10:42.409Z
5d89ea236c53455f896e60b2,5e88156ca3258347b42f2542,2020-04-04T05:10:43.899Z
5d8ba8776c53455f896e60b4,5e88156ca3258347b42f2542,2020-04-04T05:10:48.168Z
5d8c507e6c53455f896e60bb,5e88156ca3258347b42f2542,2020-04-04T05:10:48.561Z
5d89ea236c53455f896e60b2,5e899be7a3258347b42f25d0,2020-04-05T08:53:51.436Z
5e845fbaa3258347b42f2450,5e899be7a3258347b42f25d0,2020-04-05T09:01:18.166Z
5e79b7e6cfc8b713f5ac7d44,5e899be7a3258347b42f25d0,2020-04-05T09:04:12.671Z
5d610ae1653a331687083239,5e8cbd92a3258347b42f2699,2020-04-07T17:56:04.787Z
5e8cbd92a3258347b42f2699,5d610ae1653a331687083239,2020-04-07T17:56:31.076Z
5e4ce251f5561b1994c8e40d,5e901d01a3258347b42f270f,2020-04-10T07:23:11.773Z
5e4ce251f5561b1994c8e40d,5e902793a3258347b42f2733,2020-04-10T08:06:22.854Z
5e5dfbbefbc8805f69e02c91,5e5b4511d701ab08af792b6d,2020-04-11T09:32:40.017Z
5e3563348d344822fed4d13a,5d610ae1653a331687083239,2020-04-12T20:52:20.934Z
5d610ae1653a331687083239,5e93d7d5a3258347b42f27e4,2020-04-13T03:09:38.596Z
5df24eeaee4bb5252b4f5366,5df3f8f2ee4bb5252b4f5393,2020-04-13T06:52:24.607Z
5e941316a3258347b42f27f4,5df3f8f2ee4bb5252b4f5393,2020-04-13T07:45:54.122Z
5df11ee1ee4bb5252b4f5344,5df3f8f2ee4bb5252b4f5393,2020-04-13T07:48:22.359Z
5df38ca4ee4bb5252b4f5381,5df3f8f2ee4bb5252b4f5393,2020-04-13T07:48:34.190Z
5d7c994d5720533e15c3b1e9,5df3f8f2ee4bb5252b4f5393,2020-04-13T07:48:43.607Z
5df3f8f2ee4bb5252b4f5393,5e941316a3258347b42f27f4,2020-04-13T07:52:20.826Z
5e942f7ba3258347b42f280e,5df3f8f2ee4bb5252b4f5393,2020-04-13T09:47:08.993Z
5df3f8f2ee4bb5252b4f5393,5e942f7ba3258347b42f280e,2020-04-13T09:48:57.122Z
5e94248aa3258347b42f2804,5df3f8f2ee4bb5252b4f5393,2020-04-13T09:51:30.865Z
5e783375cfc8b713f5ac7c5b,5e94248aa3258347b42f2804,2020-04-13T16:34:02.804Z
5df3f8f2ee4bb5252b4f5393,5e94248aa3258347b42f2804,2020-04-13T16:35:34.794Z
5e94248aa3258347b42f2804,5e9533e1a3258347b42f294f,2020-04-14T03:58:34.144Z
5df3f8f2ee4bb5252b4f5393,5e9595dba3258347b42f29aa,2020-04-14T10:57:40.795Z
5df3f8f2ee4bb5252b4f5393,5e954e9aa3258347b42f295a,2020-04-14T12:18:54.497Z
5e783375cfc8b713f5ac7c5b,5df3f8f2ee4bb5252b4f5393,2020-04-14T13:20:22.922Z
5e958e73a3258347b42f29a1,5e95a2d8a3258347b42f29bd,2020-04-14T15:38:24.224Z
5e958e73a3258347b42f29a1,5e95da1aa3258347b42f29e6,2020-04-14T15:45:23.690Z
5e958e73a3258347b42f29a1,5e95da4fa3258347b42f29e9,2020-04-14T15:52:32.292Z
5deeef6142a8854bf6eabab9,5e958e73a3258347b42f29a1,2020-04-14T16:32:04.922Z
5e979427a3258347b42f2b11,5df3f8f2ee4bb5252b4f5393,2020-04-15T23:11:54.745Z
5df3f8f2ee4bb5252b4f5393,5e9828f2a3258347b42f2b71,2020-04-16T11:58:03.538Z
5df3f8f2ee4bb5252b4f5393,5e989272a3258347b42f2ba3,2020-04-16T17:15:06.145Z
5e94248aa3258347b42f2804,5e989272a3258347b42f2ba3,2020-04-16T17:15:32.169Z
5e99b0d4a3258347b42f2bf0,5df3f8f2ee4bb5252b4f5393,2020-04-17T13:52:22.401Z
5e99b0d4a3258347b42f2bf0,5e9a8013a3258347b42f2c29,2020-04-18T04:21:29.363Z
5e4ce251f5561b1994c8e40d,5e9ab07da3258347b42f2c48,2020-04-18T07:52:24.632Z
5e4ce251f5561b1994c8e40d,5e9cac99a3258347b42f2d05,2020-04-19T20:26:14.884Z
5df3f8f2ee4bb5252b4f5393,5e9f1801a3258347b42f2e25,2020-04-21T15:58:32.763Z
5df3f8f2ee4bb5252b4f5393,5e5af599d701ab08af792b63,2020-04-22T08:23:36.807Z
5d60098a653a331687083238,5e5af599d701ab08af792b63,2020-04-22T08:39:45.018Z
5e880f02a3258347b42f252c,5e5af599d701ab08af792b63,2020-04-22T08:40:37.141Z
5e99b0d4a3258347b42f2bf0,5deeef6142a8854bf6eabab9,2020-04-22T14:03:02.888Z
5d60098a653a331687083238,5e99b0d4a3258347b42f2bf0,2020-04-22T21:16:40.555Z
5e99b0d4a3258347b42f2bf0,5d610ae1653a331687083239,2020-04-23T09:38:34.626Z
5d610ae1653a331687083239,5ea17fdc10426255a7aa9a5e,2020-04-23T11:54:27.598Z
5e4ce251f5561b1994c8e40d,5ea3191210426255a7aa9aa2,2020-04-24T16:55:40.358Z
5e4ce251f5561b1994c8e40d,5ea31d9210426255a7aa9aae,2020-04-24T17:16:59.456Z
5e4ce251f5561b1994c8e40d,5ea3221e10426255a7aa9abf,2020-04-24T17:37:01.616Z
5d60098a653a331687083238,5ea3c02310426255a7aa9aef,2020-04-25T04:47:34.245Z
5d618359fc5fcf3bdd9a0910,5ea3c02310426255a7aa9aef,2020-04-25T04:47:46.735Z
5d6d2bb87fa40e1417a49315,5ea3c02310426255a7aa9aef,2020-04-25T04:47:49.025Z
5d7c994d5720533e15c3b1e9,5ea3c02310426255a7aa9aef,2020-04-25T04:47:51.105Z
5d89ea236c53455f896e60b2,5ea3c02310426255a7aa9aef,2020-04-25T04:47:54.735Z
5deeef6142a8854bf6eabab9,5ea3f6dc10426255a7aa9aff,2020-04-25T08:52:40.434Z
5df49b32cc709107827fb3c7,5ea5af7110426255a7aa9b7c,2020-04-26T16:00:48.018Z
5e5b4511d701ab08af792b6d,5ea6c05910426255a7aa9baa,2020-04-27T12:57:46.463Z
5e99b0d4a3258347b42f2bf0,5ea890e410426255a7aa9c16,2020-04-28T20:30:58.424Z
5df3f8f2ee4bb5252b4f5393,5ea890e410426255a7aa9c16,2020-04-28T20:31:18.237Z
5e5af599d701ab08af792b63,5ea890e410426255a7aa9c16,2020-04-28T20:31:53.782Z
5d6d2bb87fa40e1417a49315,5ea83e8810426255a7aa9bf2,2020-04-30T06:36:38.990Z
5d89ea236c53455f896e60b2,5eaa842410426255a7aa9c48,2020-04-30T07:57:08.181Z
5d8c507e6c53455f896e60bb,5eaa842410426255a7aa9c48,2020-04-30T07:57:13.401Z
5d90fc1a641ef364939fb6cc,5eaa842410426255a7aa9c48,2020-04-30T07:57:22.091Z
5df4858acc709107827fb3c5,5eaa842410426255a7aa9c48,2020-04-30T07:58:03.421Z
5df49b32cc709107827fb3c7,5eaa842410426255a7aa9c48,2020-04-30T07:58:06.726Z
5df7821fcc709107827fb403,5eaa842410426255a7aa9c48,2020-04-30T07:58:17.801Z
5df78f2ccc709107827fb405,5eaa842410426255a7aa9c48,2020-04-30T07:58:25.326Z
5d7c994d5720533e15c3b1e9,5ea83e8810426255a7aa9bf2,2020-04-30T11:34:05.147Z
5d7f8e146c53455f896e5fed,5eab341810426255a7aa9c8a,2020-04-30T20:25:58.160Z
5e4ce251f5561b1994c8e40d,5eab903b10426255a7aa9c8e,2020-05-01T03:07:11.590Z
5e4ce251f5561b1994c8e40d,5eab93bb10426255a7aa9ca5,2020-05-01T03:15:24.186Z
5e1ef04c2a37d20505da2b8b,5eb2cad810426255a7aaa072,2020-05-07T02:20:11.264Z
5d7c994d5720533e15c3b1e9,5eb2cad810426255a7aaa072,2020-05-07T02:20:47.764Z
5e1ef04c2a37d20505da2b8b,5d60098a653a331687083238,2020-05-07T06:02:53.657Z
5e4ce251f5561b1994c8e40d,5eb4f73910426255a7aaa0cc,2020-05-08T06:11:50.857Z
5e4ce251f5561b1994c8e40d,5eb4f9cb10426255a7aaa0ea,2020-05-08T06:23:00.249Z
5e4ce251f5561b1994c8e40d,5eb4fb6b10426255a7aaa103,2020-05-08T06:28:01.555Z
5d7c994d5720533e15c3b1e9,5eb508ae10426255a7aaa12c,2020-05-08T07:23:16.349Z
5df3f8f2ee4bb5252b4f5393,5eba1d81fd92f539c465de39,2020-05-12T03:53:09.012Z
5e942f7ba3258347b42f280e,5e3563348d344822fed4d13a,2020-05-13T19:05:20.571Z
5e4ce251f5561b1994c8e40d,5ebcf2f2514aab59896bcd00,2020-05-14T07:46:28.595Z
5d7c994d5720533e15c3b1e9,5df49b32cc709107827fb3c7,2020-05-14T09:45:05.249Z
5df49b32cc709107827fb3c7,5d6d2bb87fa40e1417a49315,2020-05-14T09:47:45.500Z
5d7c994d5720533e15c3b1e9,5ec2204374f7660d73aa100f,2020-05-18T05:49:39.171Z
5de50d768eab6401affbb135,5ec2204374f7660d73aa100f,2020-05-18T05:50:20.922Z
5d610ae1653a331687083239,5ec2204374f7660d73aa100f,2020-05-18T05:50:43.641Z
5d618359fc5fcf3bdd9a0910,5ec2204374f7660d73aa100f,2020-05-18T05:51:16.681Z
5d7c994d5720533e15c3b1e9,5e3563348d344822fed4d13a,2020-05-18T08:36:16.873Z
5d7c994d5720533e15c3b1e9,5deeef6142a8854bf6eabab9,2020-05-18T08:36:54.712Z
5d7c994d5720533e15c3b1e9,5e35a5ed8d344822fed4d13e,2020-05-18T08:37:32.031Z
5d7c994d5720533e15c3b1e9,5de50d768eab6401affbb135,2020-05-18T08:38:10.833Z
5ec2204374f7660d73aa100f,5e35a5ed8d344822fed4d13e,2020-05-18T09:32:30.489Z
5df49b32cc709107827fb3c7,5ec2204374f7660d73aa100f,2020-05-18T11:56:23.641Z
5d7c994d5720533e15c3b1e9,5e7cf05bcfc8b713f5ac7db7,2020-05-18T19:06:14.422Z
5dec8e6f42a8854bf6eaba95,5ec2204374f7660d73aa100f,2020-05-19T04:55:04.772Z
5df8fececc709107827fb41a,5ec2204374f7660d73aa100f,2020-05-19T04:55:24.286Z
5e783375cfc8b713f5ac7c5b,5ec2204374f7660d73aa100f,2020-05-19T04:55:44.669Z
5d610ae1653a331687083239,5ec3ba5374f7660d73aa1201,2020-05-19T10:57:24.979Z
5d7c994d5720533e15c3b1e9,5ec3ba5374f7660d73aa1201,2020-05-19T11:03:26.279Z
5ec2204374f7660d73aa100f,5ec3ba5374f7660d73aa1201,2020-05-19T11:03:35.505Z
5ec3ba5374f7660d73aa1201,5d610ae1653a331687083239,2020-05-19T11:21:01.357Z
5d618359fc5fcf3bdd9a0910,5ec3ba5374f7660d73aa1201,2020-05-20T10:18:44.300Z
5defd51362624b0135ea9fd2,5ec3ba5374f7660d73aa1201,2020-05-20T10:19:23.179Z
5d7f31ca6c53455f896e5fe5,5ec3ba5374f7660d73aa1201,2020-05-20T10:19:31.231Z
5ec553e2f2781131cc7e5138,5ec3ba5374f7660d73aa1201,2020-05-20T16:08:19.605Z
5ec3ba5374f7660d73aa1201,5ec553e2f2781131cc7e5138,2020-05-20T18:40:18.338Z
5e3563348d344822fed4d13a,5defd51362624b0135ea9fd2,2020-05-21T20:04:32.944Z
5ec3ba5374f7660d73aa1201,5df49b32cc709107827fb3c7,2020-05-25T07:26:13.055Z
5d610ae1653a331687083239,5ecb979eeaff6b0c3a58a4f0,2020-05-25T14:12:15.856Z
5d60098a653a331687083238,5ecfa94676027d35905cbf78,2020-05-28T12:37:07.524Z
5d618359fc5fcf3bdd9a0910,5ecfa94676027d35905cbf78,2020-05-28T12:37:07.532Z
5d610ae1653a331687083239,5ecfa94676027d35905cbf78,2020-05-28T12:37:07.542Z
5d6d2bb87fa40e1417a49315,5ecfa94676027d35905cbf78,2020-05-28T12:37:09.170Z
5d7c994d5720533e15c3b1e9,5ecfa94676027d35905cbf78,2020-05-28T12:37:11.580Z
5ecb979eeaff6b0c3a58a4f0,5ecfbcb376027d35905cbfe5,2020-05-28T13:30:47.574Z
5df49b32cc709107827fb3c7,5ecfa94676027d35905cbf78,2020-05-28T18:21:35.633Z
5ecb979eeaff6b0c3a58a4f0,5ed0bfc176027d35905cc1f8,2020-05-29T07:55:23.195Z
5ecb979eeaff6b0c3a58a4f0,5ed0cfc676027d35905cc26a,2020-05-29T09:04:13.783Z
5ecb979eeaff6b0c3a58a4f0,5ed0d9bc76027d35905cc2c2,2020-05-29T09:46:15.063Z
5ec3ba5374f7660d73aa1201,5defd51362624b0135ea9fd2,2020-05-29T10:13:49.162Z
5ecb979eeaff6b0c3a58a4f0,5ed0fc0976027d35905cc448,2020-05-29T12:14:28.713Z
5ecb979eeaff6b0c3a58a4f0,5ed12ae476027d35905cc4a1,2020-05-29T16:23:03.927Z
5ecb979eeaff6b0c3a58a4f0,5ed232b976027d35905cc689,2020-05-30T10:18:32.920Z
5e4ce251f5561b1994c8e40d,5ed237ee76027d35905cc6c5,2020-05-30T10:42:17.574Z
5e4ce251f5561b1994c8e40d,5ed2399b76027d35905cc70f,2020-05-30T10:49:04.661Z
5ecb979eeaff6b0c3a58a4f0,5ed2672576027d35905cc7f6,2020-05-30T14:53:00.643Z
5d60098a653a331687083238,5ed2edf176027d35905cc961,2020-05-30T23:39:56.209Z
5ecb979eeaff6b0c3a58a4f0,5ed2edf176027d35905cc961,2020-05-30T23:41:22.941Z
5ecb979eeaff6b0c3a58a4f0,5ed350ed76027d35905cca2c,2020-05-31T06:40:33.896Z
5ecfaa0076027d35905cbf83,5ed350ed76027d35905cca2c,2020-05-31T06:47:02.027Z
5ecb979eeaff6b0c3a58a4f0,5ed3737976027d35905ccaa2,2020-05-31T09:06:57.640Z
5d8c507e6c53455f896e60bb,5ed3748576027d35905ccaab,2020-05-31T10:10:48.806Z
5ecfaa0076027d35905cbf83,5ed3748576027d35905ccaab,2020-05-31T12:03:32.209Z
5eb7aeccfd92f539c465ddd7,5ed3748576027d35905ccaab,2020-05-31T12:04:38.025Z
5ecb979eeaff6b0c3a58a4f0,5ed3e898bd514d602c1530de,2020-05-31T17:27:52.129Z
5ed3748576027d35905ccaab,5ecb979eeaff6b0c3a58a4f0,2020-05-31T20:39:58.940Z
5ecb979eeaff6b0c3a58a4f0,5ed3748576027d35905ccaab,2020-06-01T08:45:26.429Z
5d7f31ca6c53455f896e5fe5,5ed4efe7bd514d602c153226,2020-06-01T12:12:21.486Z
5d7c994d5720533e15c3b1e9,5ed4f29cbd514d602c15336a,2020-06-01T12:45:25.480Z
5d7f31ca6c53455f896e5fe5,5ed4f29cbd514d602c15336a,2020-06-01T12:45:26.418Z
5d7f8e146c53455f896e5fed,5ed4f29cbd514d602c15336a,2020-06-01T12:45:28.729Z
5d89ea236c53455f896e60b2,5ed4f29cbd514d602c15336a,2020-06-01T12:45:29.872Z
5d8ba8776c53455f896e60b4,5ed4f29cbd514d602c15336a,2020-06-01T12:45:30.948Z
5d9a2982979d5962253c2f81,5ed4f29cbd514d602c15336a,2020-06-01T12:45:32.819Z
5d8c507e6c53455f896e60bb,5ed4f29cbd514d602c15336a,2020-06-01T12:45:33.348Z
5d9ddcc868671220a1b2b1b2,5ed4f29cbd514d602c15336a,2020-06-01T12:45:35.248Z
5db1b837645c064c2bffd7b9,5ed4f29cbd514d602c15336a,2020-06-01T12:45:36.448Z
5de50d768eab6401affbb135,5ed4f29cbd514d602c15336a,2020-06-01T12:45:38.438Z
5db3ecc599cbb90e4339c765,5ed4f29cbd514d602c15336a,2020-06-01T12:45:44.578Z
5d6d2bb87fa40e1417a49315,5ed4f29cbd514d602c15336a,2020-06-01T12:45:48.708Z
5d618359fc5fcf3bdd9a0910,5ed4f29cbd514d602c15336a,2020-06-01T12:45:49.343Z
5d60098a653a331687083238,5ed4f29cbd514d602c15336a,2020-06-01T12:45:51.277Z
5d610ae1653a331687083239,5ed4f29cbd514d602c15336a,2020-06-01T12:45:51.768Z
5ecb979eeaff6b0c3a58a4f0,5ed4fbe3bd514d602c153574,2020-06-01T13:00:58.831Z
5d7f31ca6c53455f896e5fe5,5ed4f815bd514d602c1534d2,2020-06-01T13:02:09.376Z
5ecb979eeaff6b0c3a58a4f0,5ed4fd38bd514d602c153597,2020-06-01T13:09:45.484Z
5ed0e69c76027d35905cc380,5ed4f815bd514d602c1534d2,2020-06-01T13:12:04.901Z
5d60098a653a331687083238,5ed4f815bd514d602c1534d2,2020-06-01T13:13:02.182Z
5ecb979eeaff6b0c3a58a4f0,5ed4fefbbd514d602c1535d5,2020-06-01T13:13:57.952Z
5ecb979eeaff6b0c3a58a4f0,5ed5047bbd514d602c153647,2020-06-01T13:37:30.041Z
5d618359fc5fcf3bdd9a0910,5ed50341bd514d602c153626,2020-06-01T13:39:10.658Z
5d60098a653a331687083238,5ed4ff8dbd514d602c1535f2,2020-06-01T13:42:47.637Z
5d610ae1653a331687083239,5ed4ff8dbd514d602c1535f2,2020-06-01T13:42:48.001Z
5d618359fc5fcf3bdd9a0910,5ed4ff8dbd514d602c1535f2,2020-06-01T13:42:48.416Z
5d6d2bb87fa40e1417a49315,5ed4ff8dbd514d602c1535f2,2020-06-01T13:42:49.022Z
5d7c994d5720533e15c3b1e9,5ed4ff8dbd514d602c1535f2,2020-06-01T13:42:50.850Z
5d7f31ca6c53455f896e5fe5,5ed4ff8dbd514d602c1535f2,2020-06-01T13:42:51.451Z
5dec8e6f42a8854bf6eaba95,5ed4ff8dbd514d602c1535f2,2020-06-01T13:42:55.520Z
5ded443342a8854bf6eaba9a,5ed4ff8dbd514d602c1535f2,2020-06-01T13:42:55.916Z
5dea092042a8854bf6eaba81,5ed4ff8dbd514d602c1535f2,2020-06-01T13:42:56.511Z
5de9b4d942a8854bf6eaba7e,5ed4ff8dbd514d602c1535f2,2020-06-01T13:42:57.047Z
5d7f8e146c53455f896e5fed,5ed4ff8dbd514d602c1535f2,2020-06-01T13:42:58.950Z
5d610ae1653a331687083239,5ed50665bd514d602c15367e,2020-06-01T13:46:50.875Z
5d60098a653a331687083238,5ed50665bd514d602c15367e,2020-06-01T13:46:51.615Z
5d618359fc5fcf3bdd9a0910,5ed50665bd514d602c15367e,2020-06-01T13:46:53.884Z
5d6d2bb87fa40e1417a49315,5ed50665bd514d602c15367e,2020-06-01T13:46:55.784Z
5d7c994d5720533e15c3b1e9,5ed50665bd514d602c15367e,2020-06-01T13:46:56.424Z
5d618359fc5fcf3bdd9a0910,5ed50526bd514d602c153653,2020-06-01T13:48:25.930Z
5de50d768eab6401affbb135,5ed506aebd514d602c153692,2020-06-01T13:56:48.934Z
5ecb979eeaff6b0c3a58a4f0,5ed4efd1bd514d602c153214,2020-06-01T14:12:16.413Z
5ed4f3d0bd514d602c1533c6,5ed50939bd514d602c1536d1,2020-06-01T14:25:29.397Z
5d7f31ca6c53455f896e5fe5,5ed512acbd514d602c153797,2020-06-01T14:48:26.112Z
5de50d768eab6401affbb135,5ed4fab0bd514d602c15354b,2020-06-01T15:01:58.096Z
5d6d2bb87fa40e1417a49315,5ed5274fbd514d602c153894,2020-06-01T16:06:24.790Z
5ecb979eeaff6b0c3a58a4f0,5ed52784bd514d602c1538a7,2020-06-01T16:34:47.902Z
5d60098a653a331687083238,5ed5286bbd514d602c1538bd,2020-06-01T18:04:50.611Z
5ecb979eeaff6b0c3a58a4f0,5ed5286bbd514d602c1538bd,2020-06-01T18:28:28.260Z
5ecb979eeaff6b0c3a58a4f0,5ed54988bd514d602c153a10,2020-06-01T18:32:55.038Z
5ed4f3d0bd514d602c1533c6,5ecb979eeaff6b0c3a58a4f0,2020-06-01T21:30:04.450Z
5d610ae1653a331687083239,5ed58a01bd514d602c153b13,2020-06-01T23:09:55.637Z
5d60098a653a331687083238,5ed58a01bd514d602c153b13,2020-06-01T23:09:57.214Z
5d618359fc5fcf3bdd9a0910,5ed58a01bd514d602c153b13,2020-06-01T23:09:58.848Z
5ecb979eeaff6b0c3a58a4f0,5ed540a3bd514d602c1539ad,2020-06-02T04:02:03.790Z
5ecb979eeaff6b0c3a58a4f0,5ed5a939bd514d602c153b3c,2020-06-02T04:54:16.074Z
5ecb979eeaff6b0c3a58a4f0,5ed4f3d0bd514d602c1533c6,2020-06-02T05:44:48.968Z
5d8c507e6c53455f896e60bb,5ed5276cbd514d602c15389d,2020-06-02T06:44:21.903Z
5d89ea236c53455f896e60b2,5ed5276cbd514d602c15389d,2020-06-02T06:44:22.783Z
5df49b32cc709107827fb3c7,5ed5276cbd514d602c15389d,2020-06-02T06:44:51.192Z
5df8fececc709107827fb41a,5ed5276cbd514d602c15389d,2020-06-02T06:44:56.132Z
5e00c69ed815be0c88c92421,5ed5276cbd514d602c15389d,2020-06-02T06:45:01.843Z
5e00c858d815be0c88c92423,5ed5276cbd514d602c15389d,2020-06-02T06:45:03.213Z
5e00e195d815be0c88c9242a,5ed5276cbd514d602c15389d,2020-06-02T06:45:04.653Z
5e0125a2d815be0c88c92431,5ed5276cbd514d602c15389d,2020-06-02T06:45:10.642Z
5e11f2682a37d20505da2ae3,5ed5276cbd514d602c15389d,2020-06-02T06:45:21.253Z
5e15bc462a37d20505da2b28,5ed5276cbd514d602c15389d,2020-06-02T06:45:25.555Z
5ecb979eeaff6b0c3a58a4f0,5ed5276cbd514d602c15389d,2020-06-02T06:48:21.253Z
5ecb979eeaff6b0c3a58a4f0,5ed5f99cbd514d602c153c88,2020-06-02T07:07:09.153Z
5de50d768eab6401affbb135,5ed5fae6bd514d602c153cf0,2020-06-02T07:14:08.244Z
5d618359fc5fcf3bdd9a0910,5ed4efd7bd514d602c153218,2020-06-02T07:16:23.667Z
5d7f31ca6c53455f896e5fe5,5ed5277cbd514d602c1538a2,2020-06-02T07:17:21.875Z
5d6d2bb87fa40e1417a49315,5ed5277cbd514d602c1538a2,2020-06-02T07:17:26.341Z
5d89ea236c53455f896e60b2,5ed4f013bd514d602c153246,2020-06-02T07:19:07.234Z
5d618359fc5fcf3bdd9a0910,5ed5f033bd514d602c153c15,2020-06-02T07:19:52.292Z
5d610ae1653a331687083239,5ed5f033bd514d602c153c15,2020-06-02T07:19:53.332Z
5d60098a653a331687083238,5ed5f033bd514d602c153c15,2020-06-02T07:19:54.331Z
5d6d2bb87fa40e1417a49315,5ed5f033bd514d602c153c15,2020-06-02T07:19:55.561Z
5d610ae1653a331687083239,5ed4f105bd514d602c1532ee,2020-06-02T07:28:09.313Z
5d618359fc5fcf3bdd9a0910,5ed4f092bd514d602c1532b3,2020-06-02T07:28:42.087Z
5d618359fc5fcf3bdd9a0910,5ed4f01abd514d602c153249,2020-06-02T07:29:07.088Z
5d7f31ca6c53455f896e5fe5,5ed5fff1bd514d602c153e81,2020-06-02T07:31:54.326Z
5de50d768eab6401affbb135,5ed4f7a0bd514d602c1534ad,2020-06-02T07:36:47.016Z
5d90fc1a641ef364939fb6cc,5ed4efeabd514d602c153228,2020-06-02T07:44:43.787Z
5d96595a979d5962253c2f4e,5ed4efeabd514d602c153228,2020-06-02T07:44:46.352Z
5de50d768eab6401affbb135,5ed4efeabd514d602c153228,2020-06-02T07:44:53.847Z
5ecb979eeaff6b0c3a58a4f0,5ed5277cbd514d602c1538a2,2020-06-02T07:47:27.893Z
5d618359fc5fcf3bdd9a0910,5ed573a8bd514d602c153afe,2020-06-02T07:51:27.340Z
5d610ae1653a331687083239,5ed573a8bd514d602c153afe,2020-06-02T07:51:30.600Z
5ed54c2bbd514d602c153a2c,5ed54c71bd514d602c153a2e,2020-06-02T07:53:46.530Z
5ecb979eeaff6b0c3a58a4f0,5ed504b9bd514d602c15364f,2020-06-02T07:56:57.928Z
5ecb979eeaff6b0c3a58a4f0,5ed5fb6ebd514d602c153d01,2020-06-02T08:03:17.920Z
5d618359fc5fcf3bdd9a0910,5ed4efebbd514d602c153229,2020-06-02T08:06:00.015Z
5d89ea236c53455f896e60b2,5ed60947f3fc767afc7b27d1,2020-06-02T08:11:30.214Z
5d8ba8776c53455f896e60b4,5ed60947f3fc767afc7b27d1,2020-06-02T08:11:30.702Z
5e4ce251f5561b1994c8e40d,5ed613abf3fc767afc7b28a3,2020-06-02T09:00:25.681Z
5ecb979eeaff6b0c3a58a4f0,5ed614c7f3fc767afc7b28cc,2020-06-02T09:01:58.425Z
5d618359fc5fcf3bdd9a0910,5ed61b38f3fc767afc7b29a8,2020-06-02T09:30:50.857Z
5ecb979eeaff6b0c3a58a4f0,5ed61b38f3fc767afc7b29a8,2020-06-02T09:32:02.781Z
5d610ae1653a331687083239,5ed5f90fbd514d602c153c6c,2020-06-02T09:33:00.013Z
5df49b32cc709107827fb3c7,5ed61b38f3fc767afc7b29a8,2020-06-02T09:33:34.856Z
5d60098a653a331687083238,5ed61dc9f3fc767afc7b29d5,2020-06-02T09:39:20.020Z
5d610ae1653a331687083239,5ed61dc9f3fc767afc7b29d5,2020-06-02T09:39:21.359Z
5d618359fc5fcf3bdd9a0910,5ed61dc9f3fc767afc7b29d5,2020-06-02T09:39:25.479Z
5d8c507e6c53455f896e60bb,5ed61dc9f3fc767afc7b29d5,2020-06-02T09:39:30.686Z
5d60098a653a331687083238,5ed4f960bd514d602c153520,2020-06-02T09:40:16.654Z
5d618359fc5fcf3bdd9a0910,5ed4f960bd514d602c153520,2020-06-02T09:40:25.298Z
5ecb979eeaff6b0c3a58a4f0,5ed5140dbd514d602c1537bc,2020-06-02T09:59:44.010Z
5ecb979eeaff6b0c3a58a4f0,5ed626626851497d79593079,2020-06-02T10:18:54.207Z
5d6d2bb87fa40e1417a49315,5ed627fd6851497d795930b9,2020-06-02T10:26:55.672Z
5d618359fc5fcf3bdd9a0910,5ed627fd6851497d795930b9,2020-06-02T10:26:56.281Z
5d610ae1653a331687083239,5ed627fd6851497d795930b9,2020-06-02T10:26:57.164Z
5d60098a653a331687083238,5ed627fd6851497d795930b9,2020-06-02T10:26:58.486Z
5d60098a653a331687083238,5ed4f089bd514d602c1532a9,2020-06-02T10:34:55.760Z
5ed4fc0fbd514d602c153578,5ed60fa3f3fc767afc7b287f,2020-06-02T11:05:25.664Z
5d60098a653a331687083238,5ed51794bd514d602c1537e1,2020-06-02T11:07:31.467Z
5ecb979eeaff6b0c3a58a4f0,5ed4f4f6bd514d602c153421,2020-06-02T11:45:03.726Z
5d9a2982979d5962253c2f81,5ed626626851497d79593079,2020-06-02T12:33:49.370Z
5ed4f3d0bd514d602c1533c6,5ed626626851497d79593079,2020-06-02T12:43:51.887Z
5d60098a653a331687083238,5ed659ac6851497d7959338a,2020-06-02T13:56:44.918Z
5d60098a653a331687083238,5ed65c096851497d79593431,2020-06-02T14:05:29.137Z
5d610ae1653a331687083239,5ed65c096851497d79593431,2020-06-02T14:08:19.554Z
5d60098a653a331687083238,5ed658636851497d79593367,2020-06-02T14:11:15.790Z
5d610ae1653a331687083239,5ed658636851497d79593367,2020-06-02T14:11:17.665Z
5d618359fc5fcf3bdd9a0910,5ed658636851497d79593367,2020-06-02T14:11:19.079Z
5d6d2bb87fa40e1417a49315,5ed658636851497d79593367,2020-06-02T14:11:21.339Z
5d89ea236c53455f896e60b2,5ed658636851497d79593367,2020-06-02T14:11:29.754Z
5d7f8e146c53455f896e5fed,5ed658636851497d79593367,2020-06-02T14:11:31.209Z
5d7f31ca6c53455f896e5fe5,5ed658636851497d79593367,2020-06-02T14:11:32.274Z
5de50d768eab6401affbb135,5ed658636851497d79593367,2020-06-02T14:11:39.929Z
5d610ae1653a331687083239,5ed65e6e6851497d79593461,2020-06-02T14:14:45.180Z
5ed557e6bd514d602c153a91,5ecb979eeaff6b0c3a58a4f0,2020-06-02T14:45:10.232Z
5d60098a653a331687083238,5ed666b76851497d7959359a,2020-06-02T14:52:54.702Z
5d610ae1653a331687083239,5ed666b76851497d7959359a,2020-06-02T14:52:55.602Z
5d618359fc5fcf3bdd9a0910,5ed666b76851497d7959359a,2020-06-02T14:52:56.420Z
5d6d2bb87fa40e1417a49315,5ed666b76851497d7959359a,2020-06-02T14:52:57.194Z
5d7c994d5720533e15c3b1e9,5ed666b76851497d7959359a,2020-06-02T14:52:58.297Z
5d90fc1a641ef364939fb6cc,5ed666b76851497d7959359a,2020-06-02T14:53:04.413Z
5ecb979eeaff6b0c3a58a4f0,5ece02427023451e66223861,2020-06-02T15:57:32.080Z
5d610ae1653a331687083239,5ed5fff1bd514d602c153e81,2020-06-02T16:04:09.502Z
5d618359fc5fcf3bdd9a0910,5ed5fff1bd514d602c153e81,2020-06-02T16:04:19.917Z
5ecb979eeaff6b0c3a58a4f0,5d618359fc5fcf3bdd9a0910,2020-06-02T16:45:22.759Z
5d60098a653a331687083238,5ed4fa84bd514d602c153541,2020-06-03T01:28:45.538Z
5d610ae1653a331687083239,5ed4fa84bd514d602c153541,2020-06-03T01:28:49.118Z
5d7f31ca6c53455f896e5fe5,5ed4f8bdbd514d602c153500,2020-06-03T05:53:25.272Z
5ecb979eeaff6b0c3a58a4f0,5ed0e69c76027d35905cc380,2020-06-03T06:19:01.399Z
5df49b32cc709107827fb3c7,5ec3ba5374f7660d73aa1201,2020-06-03T07:20:43.331Z
5d60098a653a331687083238,5ed75db96851497d79593925,2020-06-03T09:31:37.766Z
5d60098a653a331687083238,5ed50dbfbd514d602c153738,2020-06-03T17:00:03.517Z
5d610ae1653a331687083239,5ed50dbfbd514d602c153738,2020-06-03T17:00:04.963Z
5d618359fc5fcf3bdd9a0910,5ed50dbfbd514d602c153738,2020-06-03T17:00:07.056Z
5d6d2bb87fa40e1417a49315,5ed50dbfbd514d602c153738,2020-06-03T17:00:08.786Z
5d8c507e6c53455f896e60bb,5ed50dbfbd514d602c153738,2020-06-03T17:00:11.895Z
5d90fc1a641ef364939fb6cc,5ed50dbfbd514d602c153738,2020-06-03T17:00:12.678Z
5d7c994d5720533e15c3b1e9,5ed52c64bd514d602c153914,2020-06-04T03:54:12.760Z
5ed755c06851497d795938e7,5ed87268b96746238f7ed630,2020-06-04T04:03:54.321Z
5ece02427023451e66223861,5ed8ad7ab96746238f7ed69b,2020-06-04T08:19:16.683Z
5ecb979eeaff6b0c3a58a4f0,5ed76230b96746238f7ed1e0,2020-06-04T08:25:41.956Z
5ed8ad7ab96746238f7ed69b,5ece02427023451e66223861,2020-06-04T09:17:30.909Z
5d618359fc5fcf3bdd9a0910,5ed730456851497d79593820,2020-06-04T09:32:28.990Z
5d60098a653a331687083238,5ed730456851497d79593820,2020-06-04T09:32:44.010Z
5ecb979eeaff6b0c3a58a4f0,5ed7921db96746238f7ed308,2020-06-04T10:33:53.890Z
5d8ba8776c53455f896e60b4,5ed4f07abd514d602c15329b,2020-06-05T06:12:41.518Z
