post_id,user_id
5d7e6c546c53455f896e5fdb,5d6d2bb87fa40e1417a49315
5d6d1be67fa40e1417a49313,5d610ae1653a331687083239
5d80e7c16c53455f896e6014,5d610ae1653a331687083239
5d6d1a8d7fa40e1417a49312,5d610ae1653a331687083239
5d8107e46c53455f896e6035,5d6d2bb87fa40e1417a49315
5d810d4f6c53455f896e603b,5d6d2bb87fa40e1417a49315
5d6d1e6c7fa40e1417a49314,5d610ae1653a331687083239
5d6d33e47fa40e1417a49316,5d6d2bb87fa40e1417a49315
5d80dfbc6c53455f896e600e,5d610ae1653a331687083239
5d7f738b6c53455f896e5fea,5d7f31ca6c53455f896e5fe5
5d6c182cdcba7d0a2b2a489b,5d610ae1653a331687083239
5d6c18d3dcba7d0a2b2a48a0,5d610ae1653a331687083239
5d7b9b825720533e15c3b1e5,5d6d2bb87fa40e1417a49315
5d80bbe56c53455f896e6005,5d7f8e146c53455f896e5fed
5d80ecfd6c53455f896e601a,5d610ae1653a331687083239
5d790cab7fa40e1417a4932b,5d6d2bb87fa40e1417a49315
5d7e729d6c53455f896e5fe0,5d6d2bb87fa40e1417a49315
5d80c7c56c53455f896e6008,5d7f8e146c53455f896e5fed
5d80d6fd6c53455f896e600d,5d7f8e146c53455f896e5fed
5d7d23315720533e15c3b1ee,5d7c994d5720533e15c3b1e9
5d6d37f67fa40e1417a4931b,5d6d2bb87fa40e1417a49315
5d6d39567fa40e1417a4931c,5d6d2bb87fa40e1417a49315
5d790f687fa40e1417a4932f,5d6d2bb87fa40e1417a49315
5d7d405e5720533e15c3b1f3,5d7c994d5720533e15c3b1e9
5d80f59a6c53455f896e6020,5d7f31ca6c53455f896e5fe5
5d6d349b7fa40e1417a49317,5d6d2bb87fa40e1417a49315
5d7b5bda5720533e15c3b1de,5d6d2bb87fa40e1417a49315
5d6d13007fa40e1417a49311,5d610ae1653a331687083239
5d7fa1e06c53455f896e5ffa,5d6d2bb87fa40e1417a49315
5d7fa32c6c53455f896e5fff,5d6d2bb87fa40e1417a49315
5d8bbd376c53455f896e60b9,5d8ba8776c53455f896e60b4
5d84fa786c53455f896e606d,5d6d2bb87fa40e1417a49315
5d89068c6c53455f896e60a8,5d6d2bb87fa40e1417a49315
5d81323a6c53455f896e6044,5d610ae1653a331687083239
5d8643316c53455f896e607d,5d6d2bb87fa40e1417a49315
5d8cf4b26c53455f896e60d7,5d6d2bb87fa40e1417a49315
5d8de4db6c53455f896e60fd,5d8ba8776c53455f896e60b4
5d824c056c53455f896e604a,5d6d2bb87fa40e1417a49315
5d8669266c53455f896e6083,5d6d2bb87fa40e1417a49315
5d8dc9c56c53455f896e60f3,5d8ba8776c53455f896e60b4
5d88aa426c53455f896e609e,5d610ae1653a331687083239
5d8e4a8e6c53455f896e6112,5d6d2bb87fa40e1417a49315
5d8cc10b6c53455f896e60c8,5d7f8e146c53455f896e5fed
5d8cf2d36c53455f896e60d4,5d8ba8776c53455f896e60b4
5d824df46c53455f896e6050,5d6d2bb87fa40e1417a49315
5d836b096c53455f896e6057,5d7f31ca6c53455f896e5fe5
5d8bbae56c53455f896e60b7,5d8ba8776c53455f896e60b4
5d8cbb986c53455f896e60c7,5d7f8e146c53455f896e5fed
5d8389576c53455f896e605b,5d6d2bb87fa40e1417a49315
5d8680a06c53455f896e608b,5d618359fc5fcf3bdd9a0910
5d890a396c53455f896e60ad,5d6d2bb87fa40e1417a49315
5d8e48fd6c53455f896e610a,5d6d2bb87fa40e1417a49315
5d879fa96c53455f896e6092,5d6d2bb87fa40e1417a49315
5d8cefe46c53455f896e60cf,5d6d2bb87fa40e1417a49315
5d8c5dc96c53455f896e60bd,5d8c507e6c53455f896e60bb
5d8cb2966c53455f896e60c5,5d7f8e146c53455f896e5fed
5d8cba1f6c53455f896e60c6,5d7f8e146c53455f896e5fed
5d8392586c53455f896e6067,5d6d2bb87fa40e1417a49315
5d84fc396c53455f896e6073,5d6d2bb87fa40e1417a49315
5d8cf6df6c53455f896e60dc,5d6d2bb87fa40e1417a49315
5d8cfd406c53455f896e60e4,5d6d2bb87fa40e1417a49315
5d8fae3a6c53455f896e6138,5d8ba8776c53455f896e60b4
5d90baac641ef364939fb6c2,5d6d2bb87fa40e1417a49315
5d936793641ef364939fb711,5d89ea236c53455f896e60b2
5d9362b5641ef364939fb702,5d89ea236c53455f896e60b2
5d93643c641ef364939fb708,5d89ea236c53455f896e60b2
5d936c5c641ef364939fb71a,5d89ea236c53455f896e60b2
5d8e5a906c53455f896e6121,5d6d2bb87fa40e1417a49315
5d8fa10b6c53455f896e612e,5d6d2bb87fa40e1417a49315
5d924880641ef364939fb6dd,5d6d2bb87fa40e1417a49315
5d936197641ef364939fb6fc,5d89ea236c53455f896e60b2
5d936231641ef364939fb6ff,5d89ea236c53455f896e60b2
5d8fa6096c53455f896e6133,5d6d2bb87fa40e1417a49315
5d924845641ef364939fb6d8,5d6d2bb87fa40e1417a49315
5d935c6c641ef364939fb6ed,5d8ba8776c53455f896e60b4
5d937131641ef364939fb726,5d89ea236c53455f896e60b2
5d936824641ef364939fb714,5d89ea236c53455f896e60b2
5d8f441e6c53455f896e6126,5d8c507e6c53455f896e60bb
5d9364e9641ef364939fb70b,5d89ea236c53455f896e60b2
5d90bb65641ef364939fb6c7,5d6d2bb87fa40e1417a49315
5d9363ae641ef364939fb705,5d89ea236c53455f896e60b2
5d9366de641ef364939fb70e,5d89ea236c53455f896e60b2
5d9375c7641ef364939fb732,5d89ea236c53455f896e60b2
5d93690f641ef364939fb717,5d89ea236c53455f896e60b2
5d8e4d476c53455f896e6117,5d6d2bb87fa40e1417a49315
5d922179641ef364939fb6d0,5d8ba8776c53455f896e60b4
5d93529f641ef364939fb6e9,5d8ba8776c53455f896e60b4
5d8f72606c53455f896e6129,5d8ba8776c53455f896e60b4
5d935d9c641ef364939fb6f3,5d89ea236c53455f896e60b2
5d93707a641ef364939fb723,5d89ea236c53455f896e60b2
5d9237d4641ef364939fb6d4,5d8ba8776c53455f896e60b4
5d935f9f641ef364939fb6f6,5d89ea236c53455f896e60b2
5d9374c1641ef364939fb72f,5d89ea236c53455f896e60b2
5d936074641ef364939fb6f9,5d89ea236c53455f896e60b2
5d936fbe641ef364939fb720,5d89ea236c53455f896e60b2
5d933082641ef364939fb6e2,5d89ea236c53455f896e60b2
5d9371cb641ef364939fb729,5d89ea236c53455f896e60b2
5d93738d641ef364939fb72c,5d89ea236c53455f896e60b2
5d8e58096c53455f896e611c,5d6d2bb87fa40e1417a49315
5d918e7c641ef364939fb6cd,5d8c507e6c53455f896e60bb
5d936d8e641ef364939fb71d,5d89ea236c53455f896e60b2
5d96dfa0979d5962253c2f54,5d8ba8776c53455f896e60b4
5d98b87a979d5962253c2f6b,5d986d67979d5962253c2f68
5d9f762ac9caaa54fa063c4f,5d8ba8776c53455f896e60b4
5da33a4289b6d320435fd024,5d8ba8776c53455f896e60b4
5da33ca089b6d320435fd02c,5d6d2bb87fa40e1417a49315
5da88e3e019399436815c4e0,5d986d67979d5962253c2f68
5dada695610ba040fbfdf585,5d7c994d5720533e15c3b1e9
5dada89b610ba040fbfdf591,5d7c994d5720533e15c3b1e9
5d95b9d74195494748050eb4,5d8c507e6c53455f896e60bb
5d98e312979d5962253c2f77,5d90fc1a641ef364939fb6cc
5d9b7410979d5962253c2f9e,5d89ea236c53455f896e60b2
5d9b7d57979d5962253c2fae,5d89ea236c53455f896e60b2
5d9bb1bb68671220a1b2b183,5d89ea236c53455f896e60b2
5d9dc7b568671220a1b2b1ae,5d8ba8776c53455f896e60b4
5d9e297568671220a1b2b1bc,5d8ba8776c53455f896e60b4
5d9e2b3768671220a1b2b1c0,5d90fc1a641ef364939fb6cc
5da0adc0c9caaa54fa063c5b,5d6d2bb87fa40e1417a49315
5da0b62cc9caaa54fa063c60,5d6d2bb87fa40e1417a49315
5dada798610ba040fbfdf58b,5d7c994d5720533e15c3b1e9
5d93769b641ef364939fb735,5d89ea236c53455f896e60b2
5d937e8e641ef364939fb741,5d89ea236c53455f896e60b2
5d96edc9979d5962253c2f58,5d8ba8776c53455f896e60b4
5d9b8f83ed9cf91e6631fed1,5d89ea236c53455f896e60b2
5d9b9d4b68671220a1b2b157,5d89ea236c53455f896e60b2
5d9baf0368671220a1b2b17b,5d89ea236c53455f896e60b2
5d9c9b6668671220a1b2b198,5d6d2bb87fa40e1417a49315
5d9cab6d68671220a1b2b19f,5d6d2bb87fa40e1417a49315
5d9e2dfe68671220a1b2b1c2,5d6d2bb87fa40e1417a49315
5d9f5431c1dbdc4ea46a7077,5d986d67979d5962253c2f68
5da337c489b6d320435fd01b,5d6d2bb87fa40e1417a49315
5da5e67889b6d320435fd052,5d986d67979d5962253c2f68
5dac0a12e6ec742ad6fd07af,5d6d2bb87fa40e1417a49315
5d937dc9641ef364939fb73e,5d89ea236c53455f896e60b2
5d937f4f641ef364939fb744,5d89ea236c53455f896e60b2
5d9b3514979d5962253c2f90,5d90fc1a641ef364939fb6cc
5d9bb29d68671220a1b2b187,5d89ea236c53455f896e60b2
5d9f75e6c9caaa54fa063c4b,5d8ba8776c53455f896e60b4
5da8916e019399436815c4e2,5d986d67979d5962253c2f68
5d94a064641ef364939fb760,5d8ba8776c53455f896e60b4
5d94e53a641ef364939fb771,5d6d2bb87fa40e1417a49315
5d94f0654195494748050eae,5d6d2bb87fa40e1417a49315
5d9ba5de68671220a1b2b15f,5d89ea236c53455f896e60b2
5d9bab8a68671220a1b2b16b,5d89ea236c53455f896e60b2
5d9bac7768671220a1b2b16f,5d89ea236c53455f896e60b2
5da493f189b6d320435fd03c,5d986d67979d5962253c2f68
5daa0ad05b296723c3e9e5f0,5d8ba8776c53455f896e60b4
5dadd615610ba040fbfdf5b2,5d986d67979d5962253c2f68
5d939e1c641ef364939fb74f,5d6d2bb87fa40e1417a49315
5d9abd4c979d5962253c2f8a,5d8ba8776c53455f896e60b4
5d9b391b979d5962253c2f92,5d90fc1a641ef364939fb6cc
5d9b8676979d5962253c2fb2,5d89ea236c53455f896e60b2
5d9ba7af68671220a1b2b163,5d89ea236c53455f896e60b2
5d9baa3f68671220a1b2b167,5d89ea236c53455f896e60b2
5d9ca78f68671220a1b2b19d,5d986d67979d5962253c2f68
5da1f56489b6d320435fd017,5d986d67979d5962253c2f68
5d9b6c76979d5962253c2f96,5d89ea236c53455f896e60b2
5d96fd6d979d5962253c2f5c,5d8ba8776c53455f896e60b4
5d9bad4868671220a1b2b173,5d89ea236c53455f896e60b2
5dab1cf0e6ec742ad6fd079a,5d986d67979d5962253c2f68
5dac4719e6ec742ad6fd07bb,5d6d2bb87fa40e1417a49315
5dac571ee6ec742ad6fd07c7,5d6d2bb87fa40e1417a49315
5dada734610ba040fbfdf588,5d7c994d5720533e15c3b1e9
5d937a6a641ef364939fb738,5d89ea236c53455f896e60b2
5d98c8df979d5962253c2f6d,5d8ba8776c53455f896e60b4
5d9a1006979d5962253c2f7d,5d986d67979d5962253c2f68
5d9b8e47ed9cf91e6631fecd,5d89ea236c53455f896e60b2
5d9b950768671220a1b2b153,5d89ea236c53455f896e60b2
5d9ba1f668671220a1b2b15b,5d89ea236c53455f896e60b2
5d9bb0d568671220a1b2b17f,5d89ea236c53455f896e60b2
5d9cd4b968671220a1b2b1ac,5d90fc1a641ef364939fb6cc
5da1fbdc89b6d320435fd019,5d986d67979d5962253c2f68
5da3390a89b6d320435fd020,5d8ba8776c53455f896e60b4
5da4949489b6d320435fd03e,5d986d67979d5962253c2f68
5da5f4da89b6d320435fd062,5d6d2bb87fa40e1417a49315
5da73ea9019399436815c4cb,5d986d67979d5962253c2f68
5dac0294e6ec742ad6fd07a3,5d6d2bb87fa40e1417a49315
5dac065ce6ec742ad6fd07a9,5d6d2bb87fa40e1417a49315
5dac22dae6ec742ad6fd07b5,5d6d2bb87fa40e1417a49315
5dad824f0c0e8137a4c2b313,5d618359fc5fcf3bdd9a0910
5d937d02641ef364939fb73b,5d89ea236c53455f896e60b2
5d9aba9b979d5962253c2f86,5d8ba8776c53455f896e60b4
5d9bae1268671220a1b2b177,5d89ea236c53455f896e60b2
5da4c23189b6d320435fd044,5d8ba8776c53455f896e60b4
5da5fbc789b6d320435fd067,5d6d2bb87fa40e1417a49315
5dadb8d2610ba040fbfdf5a2,5d8ba8776c53455f896e60b4
5d9b6135979d5962253c2f94,5d986d67979d5962253c2f68
5d9b6dc1979d5962253c2f9a,5d89ea236c53455f896e60b2
5d9cb0a668671220a1b2b1a4,5d8ba8776c53455f896e60b4
5dada82f610ba040fbfdf58e,5d7c994d5720533e15c3b1e9
5dade734610ba040fbfdf5b6,5d6d2bb87fa40e1417a49315
5d96d859979d5962253c2f50,5d8ba8776c53455f896e60b4
5d9c98e168671220a1b2b193,5d6d2bb87fa40e1417a49315
5da077dac9caaa54fa063c59,5d986d67979d5962253c2f68
5daa0a865b296723c3e9e5eb,5d8ba8776c53455f896e60b4
5d93a54b641ef364939fb757,5d6d2bb87fa40e1417a49315
5d95bddf4195494748050eb7,5d8c507e6c53455f896e60bb
5d9608b24195494748050ec0,5d7f8e146c53455f896e5fed
5d9b9271ed9cf91e6631fed9,5d89ea236c53455f896e60b2
5d9e473868671220a1b2b1d1,5d6d2bb87fa40e1417a49315
5d9f579cc1dbdc4ea46a7079,5d986d67979d5962253c2f68
5da0c2dfc9caaa54fa063c65,5d90fc1a641ef364939fb6cc
5da35a0b89b6d320435fd031,5d986d67979d5962253c2f68
5da9e418fd5f3066740ba58c,5d986d67979d5962253c2f68
5dac4e02e6ec742ad6fd07c1,5d6d2bb87fa40e1417a49315
5dad9922610ba040fbfdf578,5d618359fc5fcf3bdd9a0910
5d93a300641ef364939fb754,5d8c507e6c53455f896e60bb
5d937fec641ef364939fb747,5d89ea236c53455f896e60b2
5d98c941979d5962253c2f71,5d8ba8776c53455f896e60b4
5d9b7613979d5962253c2fa2,5d89ea236c53455f896e60b2
5d9b7a1a979d5962253c2faa,5d89ea236c53455f896e60b2
5d9bb65b68671220a1b2b18b,5d89ea236c53455f896e60b2
5da33bfa89b6d320435fd028,5d8ba8776c53455f896e60b4
5dab2a59e6ec742ad6fd079c,5d8ba8776c53455f896e60b4
5dadb5cc610ba040fbfdf59d,5d8ba8776c53455f896e60b4
5d9b785c979d5962253c2fa6,5d89ea236c53455f896e60b2
5d9b937468671220a1b2b14f,5d89ea236c53455f896e60b2
5d9f6fd43ca259543ebf0a72,5d90fc1a641ef364939fb6cc
5da4c1af89b6d320435fd040,5d8ba8776c53455f896e60b4
5da5dec889b6d320435fd04e,5d8ba8776c53455f896e60b4
5da74962019399436815c4d1,5d8ba8776c53455f896e60b4
5da9e30dfd5f3066740ba58a,5d986d67979d5962253c2f68
5dadbec3610ba040fbfdf5a8,5d8ba8776c53455f896e60b4
5d9b8c3bed9cf91e6631fec9,5d89ea236c53455f896e60b2
5d9b90aced9cf91e6631fed5,5d89ea236c53455f896e60b2
5d9cb26068671220a1b2b1a8,5d8ba8776c53455f896e60b4
5d9de85268671220a1b2b1b8,5d986d67979d5962253c2f68
5d9e235868671220a1b2b1ba,5d90fc1a641ef364939fb6cc
5d9e328168671220a1b2b1c7,5d6d2bb87fa40e1417a49315
5d9f4a0a68671220a1b2b1d6,5d6d2bb87fa40e1417a49315
5da0e414c9caaa54fa063c6d,5d8ba8776c53455f896e60b4
5da5de0889b6d320435fd04a,5d8ba8776c53455f896e60b4
5da5f19289b6d320435fd054,5d6d2bb87fa40e1417a49315
5da745b6019399436815c4cd,5d8ba8776c53455f896e60b4
5dac5a1be6ec742ad6fd07cd,5d6d2bb87fa40e1417a49315
5dac82efe6ec742ad6fd07d3,5d986d67979d5962253c2f68
5dad910f610ba040fbfdf568,5d618359fc5fcf3bdd9a0910
5dade9ac610ba040fbfdf5bc,5d6d2bb87fa40e1417a49315
5d949dc7641ef364939fb75c,5d8ba8776c53455f896e60b4
5d98bf67979d5962253c2f6c,5d986d67979d5962253c2f68
5d9e356a68671220a1b2b1cc,5d6d2bb87fa40e1417a49315
5da6011d019399436815c4c6,5d6d2bb87fa40e1417a49315
5daf1226610ba040fbfdf5dc,5d618359fc5fcf3bdd9a0910
5db3de6a99cbb90e4339c764,5db1b837645c064c2bffd7b9
5daeffac610ba040fbfdf5cc,5d8ba8776c53455f896e60b4
5db1bb0c645c064c2bffd7bb,5db1b837645c064c2bffd7b9
5db1c57d99cbb90e4339c701,5d986d67979d5962253c2f68
5daf142d610ba040fbfdf5e8,5d618359fc5fcf3bdd9a0910
5daf35d9645c064c2bffd742,5d618359fc5fcf3bdd9a0910
5db1cc6f99cbb90e4339c70a,5d986d67979d5962253c2f68
5db3db4099cbb90e4339c763,5db1b837645c064c2bffd7b9
5db0912a645c064c2bffd797,5d618359fc5fcf3bdd9a0910
5db304b999cbb90e4339c757,5db1b837645c064c2bffd7b9
5dadf6ae610ba040fbfdf5c8,5d7c994d5720533e15c3b1e9
5db1e9b099cbb90e4339c71e,5d6d2bb87fa40e1417a49315
5daf01d0610ba040fbfdf5d1,5d8ba8776c53455f896e60b4
5daf3fca645c064c2bffd754,5d6d2bb87fa40e1417a49315
5db07362645c064c2bffd782,5d8ba8776c53455f896e60b4
5db2b91a99cbb90e4339c749,5d610ae1653a331687083239
5daf1eed610ba040fbfdf606,5d986d67979d5962253c2f68
5db0a940645c064c2bffd7ad,5d6d2bb87fa40e1417a49315
5db1f6b099cbb90e4339c725,5d6d2bb87fa40e1417a49315
5db2a7d099cbb90e4339c734,5d8ba8776c53455f896e60b4
5db07083645c064c2bffd77b,5d8ba8776c53455f896e60b4
5db2b02499cbb90e4339c73c,5d610ae1653a331687083239
5db09b8e645c064c2bffd7a6,5d6d2bb87fa40e1417a49315
5daf1da8610ba040fbfdf602,5d986d67979d5962253c2f68
5daf377e645c064c2bffd74e,5d8c507e6c53455f896e60bb
5db07bea645c064c2bffd793,5d986d67979d5962253c2f68
5db07a1c645c064c2bffd78f,5d986d67979d5962253c2f68
5db2a6bf99cbb90e4339c72d,5d8ba8776c53455f896e60b4
5db31f6499cbb90e4339c75a,5d986d67979d5962253c2f68
5db1c95999cbb90e4339c706,5d986d67979d5962253c2f68
5db320a899cbb90e4339c75e,5d986d67979d5962253c2f68
5db864ba99cbb90e4339c7ab,5d986d67979d5962253c2f68
5db467b499cbb90e4339c771,5d986d67979d5962253c2f68
5dcace0eb802e41ed198b603,5db1b837645c064c2bffd7b9
5dcad23bb802e41ed198b607,5db1b837645c064c2bffd7b9
5dcc2262b802e41ed198b631,5db1b837645c064c2bffd7b9
5dce33aeb802e41ed198b65d,5db1b837645c064c2bffd7b9
5de179d80eb5e25a8a07f079,5d618359fc5fcf3bdd9a0910
5df115b1ee4bb5252b4f533e,5dec8e6f42a8854bf6eaba95
5df6623fcc709107827fb3f1,5d6d2bb87fa40e1417a49315
5dfa248ecc709107827fb41f,5df8fececc709107827fb41a
5e0397e7d815be0c88c9243a,5de50d768eab6401affbb135
5e10a4702a37d20505da2a93,5d6d2bb87fa40e1417a49315
5e10b34c2a37d20505da2abf,5d6d2bb87fa40e1417a49315
5e1314aa2a37d20505da2afe,5df4858acc709107827fb3c5
5e22ea872a37d20505da2be6,5d6d2bb87fa40e1417a49315
5e2d516fc85ab714a7da66dd,5e1ef04c2a37d20505da2b8b
5e2efc13c85ab714a7da66f4,5d9a2982979d5962253c2f81
5e312ba2c85ab714a7da673c,5de50d768eab6401affbb135
5e3710a9eab55d319938a6dd,5e363ecb8d344822fed4d141
5e37d9eaeab55d319938a71f,5e3563348d344822fed4d13a
5e3e4c12eab55d319938a75e,5e26bb482a37d20505da2c10
5e3fca28eab55d319938a7f6,5d6d2bb87fa40e1417a49315
5e45ae70f5561b1994c8e320,5d7c994d5720533e15c3b1e9
5e46a77df5561b1994c8e342,5e26bb482a37d20505da2c10
5e46ab21f5561b1994c8e347,5e26bb482a37d20505da2c10
5e4bfc78f5561b1994c8e3a6,5e26bb482a37d20505da2c10
5e4d3376f5561b1994c8e41f,5e26bb482a37d20505da2c10
5dc065ca24b883670268772f,5d986d67979d5962253c2f68
5dcbc4fdb802e41ed198b621,5db1b837645c064c2bffd7b9
5dcbdb9bb802e41ed198b625,5db1b837645c064c2bffd7b9
5dcbe10bb802e41ed198b629,5db1b837645c064c2bffd7b9
5dcfaf5db802e41ed198b66c,5d90fc1a641ef364939fb6cc
5ddd1f6bb802e41ed198b694,5d986d67979d5962253c2f68
5ddeb6e80eb5e25a8a07f065,5d60098a653a331687083238
5de8d73249e8203ff9219a74,5d610ae1653a331687083239
5df7b170cc709107827fb407,5dec8e6f42a8854bf6eaba95
5e12de2a2a37d20505da2af8,5df4858acc709107827fb3c5
5e294333c85ab714a7da662c,5de50d768eab6401affbb135
5e2faf79c85ab714a7da6711,5e2ef793c85ab714a7da66f3
5e37d1afeab55d319938a712,5e3563348d344822fed4d13a
5e37d699eab55d319938a71a,5e3563348d344822fed4d13a
5e480b78f5561b1994c8e356,5e26bb482a37d20505da2c10
5e4aaa50f5561b1994c8e37a,5e26bb482a37d20505da2c10
5e4aace3f5561b1994c8e37f,5e26bb482a37d20505da2c10
5e4dab15f5561b1994c8e446,5d7c994d5720533e15c3b1e9
5e4e9547f5561b1994c8e45e,5e26bb482a37d20505da2c10
5e5023f1d15de17a8cf1b939,5d7c994d5720533e15c3b1e9
5dcaebd0b802e41ed198b609,5d90fc1a641ef364939fb6cc
5dcb86afb802e41ed198b613,5db1b837645c064c2bffd7b9
5dcd691eb802e41ed198b651,5d986d67979d5962253c2f68
5dce35b6b802e41ed198b661,5db1b837645c064c2bffd7b9
5dcfde5cb802e41ed198b670,5d90fc1a641ef364939fb6cc
5e04da0b2a37d20505da2a23,5de50d768eab6401affbb135
5e0d99aa2a37d20505da2a5f,5df8fececc709107827fb41a
5e10bd8f2a37d20505da2aca,5d6d2bb87fa40e1417a49315
5e1c4c442a37d20505da2b81,5df8fececc709107827fb41a
5e281cf0025ae20886de2050,5d7c994d5720533e15c3b1e9
5e286bf5025ae20886de205d,5e286ac1025ae20886de205b
5e2954c4c85ab714a7da664e,5de50d768eab6401affbb135
5e295e01c85ab714a7da6665,5de50d768eab6401affbb135
5e2d447dc85ab714a7da66d7,5e1ef04c2a37d20505da2b8b
5e32f28bc85ab714a7da676e,5e26bb482a37d20505da2c10
5e3fcfcdeab55d319938a81e,5e3563348d344822fed4d13a
5e43db4ceab55d319938a87e,5e26bb482a37d20505da2c10
5dbf195b24b883670268771b,5d986d67979d5962253c2f68
5dc5a8e2b802e41ed198b5e8,5d90fc1a641ef364939fb6cc
5dc5ab63b802e41ed198b5ec,5db1b837645c064c2bffd7b9
5dc9851db802e41ed198b5fd,5db1b837645c064c2bffd7b9
5dcc1dddb802e41ed198b62f,5db1b837645c064c2bffd7b9
5dcd660cb802e41ed198b649,5d986d67979d5962253c2f68
5e00e82cd815be0c88c92430,5df8fececc709107827fb41a
5e04fb252a37d20505da2a2b,5d60098a653a331687083238
5e0b4ee62a37d20505da2a46,5df4858acc709107827fb3c5
5e1ad39e2a37d20505da2b73,5df4858acc709107827fb3c5
5e22a4412a37d20505da2bd3,5df8fececc709107827fb41a
5e23417a2a37d20505da2bf9,5e216af32a37d20505da2b9b
5e37dc1aeab55d319938a720,5e3563348d344822fed4d13a
5e3e620beab55d319938a77d,5d618359fc5fcf3bdd9a0910
5e3fae26eab55d319938a7d2,5d6d2bb87fa40e1417a49315
5e3fcc56eab55d319938a808,5e3563348d344822fed4d13a
5e3fcd38eab55d319938a81a,5e3563348d344822fed4d13a
5e4c2e65f5561b1994c8e3bd,5d7c994d5720533e15c3b1e9
5e4c3273f5561b1994c8e3ca,5d7c994d5720533e15c3b1e9
5e4edd1bf5561b1994c8e48a,5d7c994d5720533e15c3b1e9
5db7eaf399cbb90e4339c79b,5d986d67979d5962253c2f68
5db92ad699cbb90e4339c7be,5d618359fc5fcf3bdd9a0910
5dbb036499cbb90e4339c7dd,5d986d67979d5962253c2f68
5dbf1a4524b8836702687723,5d986d67979d5962253c2f68
5dc62622b802e41ed198b5f7,5db1b837645c064c2bffd7b9
5dcbb27db802e41ed198b61d,5db1b837645c064c2bffd7b9
5dcd607bb802e41ed198b641,5d986d67979d5962253c2f68
5dd6bc6ab802e41ed198b689,5d986d67979d5962253c2f68
5de7971b8eab6401affbb137,5d7c994d5720533e15c3b1e9
5e0b52a22a37d20505da2a49,5df4858acc709107827fb3c5
5e27002d2a37d20505da2c13,5e26bb482a37d20505da2c10
5e286caa025ae20886de2060,5e286ac1025ae20886de205b
5e342413c85ab714a7da677b,5e26bb482a37d20505da2c10
5e37d69beab55d319938a71b,5dec8e6f42a8854bf6eaba95
5e3c2a98eab55d319938a74a,5e26bb482a37d20505da2c10
5e3ea110eab55d319938a7a7,5d7c994d5720533e15c3b1e9
5e3fc856eab55d319938a7f2,5e3563348d344822fed4d13a
5e4911d9f5561b1994c8e366,5e26bb482a37d20505da2c10
5e4edd87f5561b1994c8e497,5d7c994d5720533e15c3b1e9
5e50207cd15de17a8cf1b92c,5d7c994d5720533e15c3b1e9
5dbc622a99cbb90e4339c7f6,5d8ba8776c53455f896e60b4
5dcc2378b802e41ed198b633,5db1b837645c064c2bffd7b9
5df66832cc709107827fb3fa,5de50d768eab6401affbb135
5df7b360cc709107827fb409,5dec8e6f42a8854bf6eaba95
5e01b484d815be0c88c92435,5df4858acc709107827fb3c5
5e0767822a37d20505da2a36,5df4858acc709107827fb3c5
5e21eeff2a37d20505da2bb0,5d90fc1a641ef364939fb6cc
5e286c25025ae20886de205e,5e286ac1025ae20886de205b
5e31a591c85ab714a7da6760,5e26bb482a37d20505da2c10
5e3537cb8d344822fed4d139,5e3537288d344822fed4d138
5e36db70eab55d319938a6cc,5e3563348d344822fed4d13a
5e36e1f7eab55d319938a6ce,5e26bb482a37d20505da2c10
5e37c301eab55d319938a701,5e3563348d344822fed4d13a
5e37d08ceab55d319938a711,5e3563348d344822fed4d13a
5e37d8c9eab55d319938a71e,5e3563348d344822fed4d13a
5e3c7293eab55d319938a74d,5d7c994d5720533e15c3b1e9
5e3e4b2feab55d319938a75b,5e26bb482a37d20505da2c10
5e3fce21eab55d319938a81c,5e3563348d344822fed4d13a
5e480cc6f5561b1994c8e35b,5e26bb482a37d20505da2c10
5e4912ecf5561b1994c8e36b,5e26bb482a37d20505da2c10
5e4bffbcf5561b1994c8e3ab,5e26bb482a37d20505da2c10
5e4c3d1df5561b1994c8e3f3,5d7c994d5720533e15c3b1e9
5db9cf7b99cbb90e4339c7d7,5d986d67979d5962253c2f68
5dc5b42cb802e41ed198b5f0,5db1b837645c064c2bffd7b9
5dc631cfb802e41ed198b5fb,5db1b837645c064c2bffd7b9
5dc987e9b802e41ed198b5ff,5db1b837645c064c2bffd7b9
5dcad0fcb802e41ed198b605,5db1b837645c064c2bffd7b9
5dcc1434b802e41ed198b62d,5db1b837645c064c2bffd7b9
5dce328fb802e41ed198b65b,5db1b837645c064c2bffd7b9
5dea816a42a8854bf6eaba89,5d7f31ca6c53455f896e5fe5
5df11921ee4bb5252b4f533f,5dec8e6f42a8854bf6eaba95
5e10a95b2a37d20505da2a9e,5d6d2bb87fa40e1417a49315
5e1882d22a37d20505da2b4d,5d6d2bb87fa40e1417a49315
5e2d3fbfc85ab714a7da66d5,5e1ef04c2a37d20505da2b8b
5e2daef1c85ab714a7da66e0,5e26bb482a37d20505da2c10
5e3674c68d344822fed4d152,5d7c994d5720533e15c3b1e9
5e36763d8d344822fed4d15d,5d7c994d5720533e15c3b1e9
5e372ee2eab55d319938a6ed,5d7c994d5720533e15c3b1e9
5e3fc931eab55d319938a7f4,5e3563348d344822fed4d13a
5e3fccc7eab55d319938a80a,5d6d2bb87fa40e1417a49315
5e41b98eeab55d319938a82d,5d7c994d5720533e15c3b1e9
5e50141ed15de17a8cf1b912,5d7c994d5720533e15c3b1e9
5db4673799cbb90e4339c76d,5d986d67979d5962253c2f68
5db7f1bc99cbb90e4339c7a2,5d986d67979d5962253c2f68
5dbf1b1624b8836702687727,5d986d67979d5962253c2f68
5dcb8576b802e41ed198b611,5db1b837645c064c2bffd7b9
5dcbb58ab802e41ed198b61f,5db1b837645c064c2bffd7b9
5dcbc7c8b802e41ed198b623,5db1b837645c064c2bffd7b9
5df11b29ee4bb5252b4f5341,5dec8e6f42a8854bf6eaba95
5df643accc709107827fb3d8,5d610ae1653a331687083239
5e03a120d815be0c88c92442,5df8fececc709107827fb41a
5e286b9d025ae20886de205c,5e286ac1025ae20886de205b
5e288e7c025ae20886de206c,5de50d768eab6401affbb135
5e2dacbfc85ab714a7da66df,5e26bb482a37d20505da2c10
5e2e89eec85ab714a7da66e3,5e2e886dc85ab714a7da66e2
5e2efd57c85ab714a7da66fe,5d9a2982979d5962253c2f81
5e37d49eeab55d319938a714,5dec8e6f42a8854bf6eaba95
5e3e5fe4eab55d319938a763,5d618359fc5fcf3bdd9a0910
5e3fd3bdeab55d319938a824,5e3563348d344822fed4d13a
5e42a035eab55d319938a845,5e26bb482a37d20505da2c10
5e4c435cf5561b1994c8e400,5d7c994d5720533e15c3b1e9
5e4e975bf5561b1994c8e463,5e26bb482a37d20505da2c10
5e4fedcfd15de17a8cf1b8ef,5e26bb482a37d20505da2c10
5e51401fd701ab08af79298f,5d9a2982979d5962253c2f81
5db5cf0999cbb90e4339c788,5d986d67979d5962253c2f68
5dc59640b802e41ed198b5e2,5db1b837645c064c2bffd7b9
5dbf19b924b883670268771f,5d986d67979d5962253c2f68
5dc5adaeb802e41ed198b5ee,5db1b837645c064c2bffd7b9
5dc62c78b802e41ed198b5f9,5db1b837645c064c2bffd7b9
5dcb936fb802e41ed198b619,5db1b837645c064c2bffd7b9
5dce34e7b802e41ed198b65f,5db1b837645c064c2bffd7b9
5e05ef192a37d20505da2a35,5df8fececc709107827fb41a
5e1aef6f2a37d20505da2b7c,5df4858acc709107827fb3c5
5e1f0a592a37d20505da2b8d,5df8fececc709107827fb41a
5e22e8e92a37d20505da2bd9,5d6d2bb87fa40e1417a49315
5e2d36ebc85ab714a7da66d1,5e1ef04c2a37d20505da2b8b
5e2d4d63c85ab714a7da66db,5e1ef04c2a37d20505da2b8b
5e37c087eab55d319938a700,5e3563348d344822fed4d13a
5e37cbcceab55d319938a704,5d90fc1a641ef364939fb6cc
5e3fd290eab55d319938a822,5e3563348d344822fed4d13a
5e4af475f5561b1994c8e385,5d7c994d5720533e15c3b1e9
5e4ba8b2f5561b1994c8e39f,5d7c994d5720533e15c3b1e9
5e4e18b1f5561b1994c8e45a,5e4e172ef5561b1994c8e458
5dcaf2bcb802e41ed198b60d,5d90fc1a641ef364939fb6cc
5dcfabaab802e41ed198b668,5d90fc1a641ef364939fb6cc
5dcff286b802e41ed198b678,5d90fc1a641ef364939fb6cc
5dd00794b802e41ed198b67c,5d90fc1a641ef364939fb6cc
5de9377049e8203ff9219a84,5de50d768eab6401affbb135
5df64ad1cc709107827fb3dd,5d610ae1653a331687083239
5e10ac412a37d20505da2aa9,5d6d2bb87fa40e1417a49315
5e14c5b72a37d20505da2b18,5de50d768eab6401affbb135
5e2328ca2a37d20505da2bf5,5e218bf42a37d20505da2b9f
5e2867f6025ae20886de205a,5e26bb482a37d20505da2c10
5e37d490eab55d319938a713,5e3563348d344822fed4d13a
5e3ab644eab55d319938a72d,5e26bb482a37d20505da2c10
5e43d7b5eab55d319938a878,5e26bb482a37d20505da2c10
5e454f8c4c77490e9eb9694b,5e26bb482a37d20505da2c10
5e501d55d15de17a8cf1b91f,5d7c994d5720533e15c3b1e9
5db927d799cbb90e4339c7b1,5d618359fc5fcf3bdd9a0910
5dc5a14fb802e41ed198b5e4,5d90fc1a641ef364939fb6cc
5dc61f61b802e41ed198b5f2,5db1b837645c064c2bffd7b9
5df47395cc709107827fb3bc,5df4728ccc709107827fb3ba
5e10af082a37d20505da2ab4,5d6d2bb87fa40e1417a49315
5e28880b025ae20886de2061,5de50d768eab6401affbb135
5e295fddc85ab714a7da6670,5d6d2bb87fa40e1417a49315
5e31364dc85ab714a7da6749,5de50d768eab6401affbb135
5e34221fc85ab714a7da6778,5e26bb482a37d20505da2c10
5e36746a8d344822fed4d147,5d7c994d5720533e15c3b1e9
5e41bd7deab55d319938a839,5d7c994d5720533e15c3b1e9
5e4c3873f5561b1994c8e3d9,5d7c994d5720533e15c3b1e9
5e4c3c09f5561b1994c8e3e6,5d7c994d5720533e15c3b1e9
5e4ed85af5561b1994c8e470,5d7c994d5720533e15c3b1e9
5e502673d15de17a8cf1b946,5d7c994d5720533e15c3b1e9
5db5bd1f99cbb90e4339c77c,5d986d67979d5962253c2f68
5db6ab4299cbb90e4339c790,5d8c507e6c53455f896e60bb
5dcb8f51b802e41ed198b617,5db1b837645c064c2bffd7b9
5dcbe30cb802e41ed198b62b,5db1b837645c064c2bffd7b9
5dcc34e0b802e41ed198b63b,5db1b837645c064c2bffd7b9
5e04bcbc2a37d20505da2a17,5df4858acc709107827fb3c5
5e1029f22a37d20505da2a79,5d60098a653a331687083238
5e12d1712a37d20505da2af4,5df4858acc709107827fb3c5
5e1615a12a37d20505da2b30,5de50d768eab6401affbb135
5e1886c02a37d20505da2b58,5d6d2bb87fa40e1417a49315
5e1ae96e2a37d20505da2b78,5df4858acc709107827fb3c5
5e21ef452a37d20505da2bb8,5d6d2bb87fa40e1417a49315
5e2d4737c85ab714a7da66d9,5e1ef04c2a37d20505da2b8b
5e2efeb2c85ab714a7da6708,5d9a2982979d5962253c2f81
5e37c595eab55d319938a702,5e3563348d344822fed4d13a
5e3fcb74eab55d319938a806,5e3563348d344822fed4d13a
5e3fd57aeab55d319938a826,5e3563348d344822fed4d13a
5e4ba3a9f5561b1994c8e392,5d7c994d5720533e15c3b1e9
5e4da502f5561b1994c8e42c,5d7c994d5720533e15c3b1e9
5e4ef199f5561b1994c8e4a4,5d7c994d5720533e15c3b1e9
5db56c2199cbb90e4339c776,5d8c507e6c53455f896e60bb
5dbac2ee99cbb90e4339c7db,5db1b837645c064c2bffd7b9
5dbf1c0724b883670268772b,5d986d67979d5962253c2f68
5dcc3257b802e41ed198b639,5db1b837645c064c2bffd7b9
5dcd5d5cb802e41ed198b63d,5d986d67979d5962253c2f68
5dcfed4db802e41ed198b674,5d90fc1a641ef364939fb6cc
5dd6bdb9b802e41ed198b68d,5d986d67979d5962253c2f68
5dde6a91369b28584ecca156,5d986d67979d5962253c2f68
5df11a0eee4bb5252b4f5340,5dec8e6f42a8854bf6eaba95
5df28198ee4bb5252b4f5378,5dec8e6f42a8854bf6eaba95
5dfb1684cc709107827fb427,5df4858acc709107827fb3c5
5e09c3b42a37d20505da2a3f,5df8fececc709107827fb41a
5e0c7d892a37d20505da2a5a,5df4858acc709107827fb3c5
5e1894112a37d20505da2b6e,5df8fececc709107827fb41a
5e21f3572a37d20505da2bc5,5d6d2bb87fa40e1417a49315
5e22b9e12a37d20505da2bd6,5df8fececc709107827fb41a
5e2434152a37d20505da2bfb,5d7c994d5720533e15c3b1e9
5e37d5b1eab55d319938a717,5dec8e6f42a8854bf6eaba95
5e37de4feab55d319938a721,5e3563348d344822fed4d13a
5e4a3cf6f5561b1994c8e378,5d7c994d5720533e15c3b1e9
5e4da7c8f5561b1994c8e439,5d7c994d5720533e15c3b1e9
5e4ff068d15de17a8cf1b8f8,5e26bb482a37d20505da2c10
5db5bea499cbb90e4339c784,5d986d67979d5962253c2f68
5dbc60ce99cbb90e4339c7ef,5d8ba8776c53455f896e60b4
5dc593b5b802e41ed198b5e0,5db1b837645c064c2bffd7b9
5dcc30bab802e41ed198b637,5db1b837645c064c2bffd7b9
5dee9b5042a8854bf6eabaaf,5d7c994d5720533e15c3b1e9
5df2830fee4bb5252b4f5379,5dec8e6f42a8854bf6eaba95
5df3c02cee4bb5252b4f538d,5de50d768eab6401affbb135
5e0e37ae2a37d20505da2a70,5de50d768eab6401affbb135
5e1047852a37d20505da2a88,5df8fececc709107827fb41a
5e149b6e2a37d20505da2b0b,5df4858acc709107827fb3c5
5e14c1112a37d20505da2b0f,5de50d768eab6401affbb135
5e2b0a51c85ab714a7da66a8,5e2b082bc85ab714a7da66a7
5e2efdf4c85ab714a7da6703,5d9a2982979d5962253c2f81
5e3abbd3eab55d319938a733,5e26bb482a37d20505da2c10
5e3fc7baeab55d319938a7e2,5d6d2bb87fa40e1417a49315
5e42a30ceab55d319938a849,5e26bb482a37d20505da2c10
5e42fee2eab55d319938a859,5d6d2bb87fa40e1417a49315
5e45b5c9f5561b1994c8e32d,5d7c994d5720533e15c3b1e9
5e4ed8ccf5561b1994c8e47d,5d7c994d5720533e15c3b1e9
5db7e73499cbb90e4339c797,5d986d67979d5962253c2f68
5dbb1a2f99cbb90e4339c7e2,5d618359fc5fcf3bdd9a0910
5dbdbcfd99cbb90e4339c80b,5d986d67979d5962253c2f68
5dc58f56b802e41ed198b5de,5db1b837645c064c2bffd7b9
5dc9a2fdb802e41ed198b601,5db1b837645c064c2bffd7b9
5dcb8c48b802e41ed198b615,5db1b837645c064c2bffd7b9
5dcd61e1b802e41ed198b645,5d986d67979d5962253c2f68
5dcd6a04b802e41ed198b655,5d986d67979d5962253c2f68
5dce2d41b802e41ed198b659,5db1b837645c064c2bffd7b9
5dd1751db802e41ed198b680,5d8c507e6c53455f896e60bb
5dfcbdf3cc709107827fb42d,5df8fececc709107827fb41a
5dfdbdbb28fb4806fe06abfe,5df4858acc709107827fb3c5
5e183c542a37d20505da2b41,5de50d768eab6401affbb135
5e188a622a37d20505da2b63,5d6d2bb87fa40e1417a49315
5e286c68025ae20886de205f,5e286ac1025ae20886de205b
5e294fd1c85ab714a7da6643,5de50d768eab6401affbb135
5e2f1811c85ab714a7da670d,5e26bb482a37d20505da2c10
5e37c78aeab55d319938a703,5e3563348d344822fed4d13a
5e3ab84deab55d319938a730,5e26bb482a37d20505da2c10
5e431bf9eab55d319938a86a,5d7c994d5720533e15c3b1e9
5e454ed04c77490e9eb96946,5e26bb482a37d20505da2c10
5db85b9c99cbb90e4339c7a7,5d986d67979d5962253c2f68
5dbc631f99cbb90e4339c7fd,5d8ba8776c53455f896e60b4
5dc622b6b802e41ed198b5f5,5db1b837645c064c2bffd7b9
5dcb9637b802e41ed198b61b,5db1b837645c064c2bffd7b9
5dcbdd4cb802e41ed198b627,5db1b837645c064c2bffd7b9
5dcc251bb802e41ed198b635,5db1b837645c064c2bffd7b9
5dcd67d4b802e41ed198b64d,5d986d67979d5962253c2f68
5df3ac97ee4bb5252b4f5384,5d6d2bb87fa40e1417a49315
5e1325672a37d20505da2b02,5df8fececc709107827fb41a
5e1593902a37d20505da2b23,5df8fececc709107827fb41a
5e294f7ec85ab714a7da6637,5d6d2bb87fa40e1417a49315
5e29575fc85ab714a7da6659,5d6d2bb87fa40e1417a49315
5e2965f2c85ab714a7da667c,5de50d768eab6401affbb135
5e2c150ac85ab714a7da66d0,5e2bc9cdc85ab714a7da66cb
5e2efcd4c85ab714a7da66f9,5d9a2982979d5962253c2f81
5e36e7baeab55d319938a6d1,5d7c994d5720533e15c3b1e9
5e37ce10eab55d319938a710,5e3563348d344822fed4d13a
5e3e9cc0eab55d319938a79b,5d7c994d5720533e15c3b1e9
5e3fd10aeab55d319938a820,5e3563348d344822fed4d13a
5e4c28c5f5561b1994c8e3b0,5d7c994d5720533e15c3b1e9
5e4d359cf5561b1994c8e424,5e26bb482a37d20505da2c10
5e5b51c1d701ab08af792b86,5e5b4eddd701ab08af792b75
5e5196b5d701ab08af7929a8,5d7c994d5720533e15c3b1e9
5e5e2110fbc8805f69e02c9b,5e5d2689fbc8805f69e02c8b
5e5e81e8fbc8805f69e02cab,5e5af599d701ab08af792b63
5e519e8fd701ab08af7929b5,5d7c994d5720533e15c3b1e9
5e5bb3eed701ab08af792bfa,5e5bb14cd701ab08af792bf6
5e52fd0ed701ab08af792a1f,5d7c994d5720533e15c3b1e9
5e6112e085ae350860168b37,5e5af599d701ab08af792b63
5e5b554dd701ab08af792b88,5e5b4eddd701ab08af792b75
5e51a46ad701ab08af7929cf,5d7c994d5720533e15c3b1e9
5e5e3b35fbc8805f69e02c9e,5e4ce251f5561b1994c8e40d
5e64bf9785ae350860168b4f,5e5af599d701ab08af792b63
5e529eb7d701ab08af7929e2,5d9a2982979d5962253c2f81
5e5b02aed701ab08af792b67,5e5a03e2d701ab08af792b56
5e5b5039d701ab08af792b76,5e5b4eddd701ab08af792b75
5e5b59bcd701ab08af792b8f,5e54ff15d701ab08af792ac9
5e5b561cd701ab08af792b8a,5e54ff15d701ab08af792ac9
5e62436485ae350860168b40,5e5bb14cd701ab08af792bf6
5e52e1b0d701ab08af7929eb,5d7c994d5720533e15c3b1e9
5e518c9fd701ab08af79299a,5d7c994d5720533e15c3b1e9
5e52e7abd701ab08af7929f8,5d7c994d5720533e15c3b1e9
5e5fcd9a49d7f322c033e02f,5e5af599d701ab08af792b63
5e624f1f85ae350860168b42,5e5bb14cd701ab08af792bf6
5e5bdf4fd701ab08af792bfd,5e5b4511d701ab08af792b6d
5e5e844ffbc8805f69e02cac,5e5b4511d701ab08af792b6d
5e52a48fd701ab08af7929ea,5e52a308d701ab08af7929e9
5e52f911d701ab08af792a12,5d7c994d5720533e15c3b1e9
5e5facf649d7f322c033e02b,5e4ce251f5561b1994c8e40d
5e623d7d85ae350860168b3c,5e5bb14cd701ab08af792bf6
5e51a2cfd701ab08af7929c2,5d7c994d5720533e15c3b1e9
5e51a9e8d701ab08af7929dc,5d7c994d5720533e15c3b1e9
5e52f2b8d701ab08af792a05,5d7c994d5720533e15c3b1e9
5e5b5871d701ab08af792b8e,5e5b4eddd701ab08af792b75
5e5b59cbd701ab08af792b90,5e5b4eddd701ab08af792b75
5e5b55dbd701ab08af792b89,5e5b4232d701ab08af792b6c
5e5e7e0afbc8805f69e02ca8,5e5af599d701ab08af792b63
5e5b5439d701ab08af792b87,5e5b4eddd701ab08af792b75
5e5b5742d701ab08af792b8b,5e5b4eddd701ab08af792b75
5e5b8317d701ab08af792be2,5e5b4eddd701ab08af792b75
5e5b5f2ad701ab08af792b9c,5e54ff15d701ab08af792ac9
5e5b6320d701ab08af792b9d,5d618359fc5fcf3bdd9a0910
5e623efe85ae350860168b3e,5e5bb14cd701ab08af792bf6
5e6bdbdced32a005135d6ba8,5e5af599d701ab08af792b63
5e709dde1b24db0468e90cc8,5e5af599d701ab08af792b63
5e767d501b24db0468e90d54,5d6d2bb87fa40e1417a49315
5e772bc062b6af10fe0f9b55,5d6d2bb87fa40e1417a49315
5e7743ebcfc8b713f5ac7aeb,5d6d2bb87fa40e1417a49315
5e785afecfc8b713f5ac7cb5,5e7859e9cfc8b713f5ac7cb4
5e78d346cfc8b713f5ac7cf2,5e78cecccfc8b713f5ac7cef
5e81a441a3258347b42f21d1,5e7f4ad1a3258347b42f2155
5e81bf73a3258347b42f2257,5de50d768eab6401affbb135
5e8c2d01a3258347b42f2627,5d7c994d5720533e15c3b1e9
5e9487b2a3258347b42f2886,5deeef6142a8854bf6eabab9
5e9488c1a3258347b42f288a,5deeef6142a8854bf6eabab9
5e9488d1a3258347b42f288e,5deeef6142a8854bf6eabab9
5e961830a3258347b42f2a4e,5e5af599d701ab08af792b63
5e964006a3258347b42f2a65,5df3f8f2ee4bb5252b4f5393
5e966ad3a3258347b42f2aaf,5e7f4ad1a3258347b42f2155
5e973a30a3258347b42f2ada,5e958e73a3258347b42f29a1
5e65346c85ae350860168b53,5d6d2bb87fa40e1417a49315
5e67a2d0d4a049050f54f5b6,5e5af599d701ab08af792b63
5e6b9f88ed32a005135d6ba6,5e5855ced701ab08af792b51
5e7082f91b24db0468e90cc5,5e5af599d701ab08af792b63
5e79281bcfc8b713f5ac7d16,5e7918a9cfc8b713f5ac7d10
5e7c78fdcfc8b713f5ac7daa,5e5af599d701ab08af792b63
5e81bf2fa3258347b42f2244,5de50d768eab6401affbb135
5e88a3c0a3258347b42f2572,5e8309c4a3258347b42f23f4
5e88aac5a3258347b42f2577,5e8309c4a3258347b42f23f4
5e8d539ba3258347b42f26d8,5df38ca4ee4bb5252b4f5381
5e964bcea3258347b42f2a96,5df3f8f2ee4bb5252b4f5393
5e6a3ee9d4a049050f54f5d8,5e5af599d701ab08af792b63
5e6886c2d4a049050f54f5c5,5e5855ced701ab08af792b51
5e6b165ad4a049050f54f5dd,5e5855ced701ab08af792b51
5e733f1c1b24db0468e90cf1,5e4ce251f5561b1994c8e40d
5e787636cfc8b713f5ac7cbe,5e787557cfc8b713f5ac7cbd
5e791ffdcfc8b713f5ac7d14,5e5af599d701ab08af792b63
5e7a63c2cfc8b713f5ac7d86,5df49b32cc709107827fb3c7
5e7a8d76cfc8b713f5ac7d8a,5e5af599d701ab08af792b63
5e82390ea3258347b42f2369,5e822b86a3258347b42f2360
5e8309a9a3258347b42f23f2,5e5dfbbefbc8805f69e02c91
5e84657da3258347b42f2452,5e845fbaa3258347b42f2450
5e947dcda3258347b42f2843,5deeef6142a8854bf6eabab9
5e948c4fa3258347b42f28a2,5deeef6142a8854bf6eabab9
5e948ce2a3258347b42f28a6,5deeef6142a8854bf6eabab9
5e9496b3a3258347b42f28d8,5e94248aa3258347b42f2804
5e95dd30a3258347b42f29f5,5df3f8f2ee4bb5252b4f5393
5e95e469a3258347b42f2a02,5e5af599d701ab08af792b63
5e97542da3258347b42f2ae5,5e94248aa3258347b42f2804
5e976a64a3258347b42f2af1,5e5af599d701ab08af792b63
5e99b1c6a3258347b42f2bf2,5e99b0d4a3258347b42f2bf0
5e9b0274a3258347b42f2c60,5df3f8f2ee4bb5252b4f5393
5e7196d51b24db0468e90ccb,5e5b4eddd701ab08af792b75
5e733cf91b24db0468e90cef,5e733ae51b24db0468e90ced
5e7677991b24db0468e90d30,5d6d2bb87fa40e1417a49315
5e778ed7cfc8b713f5ac7b4f,5e778dcccfc8b713f5ac7b4e
5e77b3f9cfc8b713f5ac7b8f,5d6d2bb87fa40e1417a49315
5e7a5f5dcfc8b713f5ac7d80,5df49b32cc709107827fb3c7
5e7a629ccfc8b713f5ac7d84,5df49b32cc709107827fb3c7
5e7a633ecfc8b713f5ac7d85,5df49b32cc709107827fb3c7
5e7a7066cfc8b713f5ac7d88,5e5af599d701ab08af792b63
5e947c4aa3258347b42f283e,5deeef6142a8854bf6eabab9
5e948786a3258347b42f287e,5deeef6142a8854bf6eabab9
5e95ed0aa3258347b42f2a0e,5e958e73a3258347b42f29a1
5e964200a3258347b42f2a6d,5df3f8f2ee4bb5252b4f5393
5e9651d5a3258347b42f2a9f,5df3f8f2ee4bb5252b4f5393
5e977f94a3258347b42f2af9,5e942f7ba3258347b42f280e
5e72ebee1b24db0468e90ce6,5e5855ced701ab08af792b51
5e77bae3cfc8b713f5ac7bd1,5d6d2bb87fa40e1417a49315
5e78493ecfc8b713f5ac7ca7,5e784835cfc8b713f5ac7ca3
5e78d6dccfc8b713f5ac7cf4,5e78ce84cfc8b713f5ac7cee
5e79b32ecfc8b713f5ac7d3f,5e79b1d2cfc8b713f5ac7d3d
5e79b8becfc8b713f5ac7d45,5e79b7e6cfc8b713f5ac7d44
5e81c06ba3258347b42f227d,5de50d768eab6401affbb135
5e84a6a3a3258347b42f246e,5e8309c4a3258347b42f23f4
5e8ccfb5a3258347b42f26bc,5d7c994d5720533e15c3b1e9
5e9483b6a3258347b42f2860,5deeef6142a8854bf6eabab9
5e94853fa3258347b42f2871,5deeef6142a8854bf6eabab9
5e948791a3258347b42f2882,5deeef6142a8854bf6eabab9
5e948ac3a3258347b42f289a,5deeef6142a8854bf6eabab9
5e978c7ca3258347b42f2b09,5e5af599d701ab08af792b63
5e99b786a3258347b42f2bfd,5e99b0d4a3258347b42f2bf0
5e9ab176a3258347b42f2c4a,5e9ab07da3258347b42f2c48
5e9e2760a3258347b42f2df7,5e5af599d701ab08af792b63
5e7670341b24db0468e90d0c,5d6d2bb87fa40e1417a49315
5e779b18cfc8b713f5ac7b75,5d6d2bb87fa40e1417a49315
5e7998e8cfc8b713f5ac7d29,5e7997bfcfc8b713f5ac7d27
5e7de48ca3258347b42f2110,5e7de336a3258347b42f210e
5e80b40ea3258347b42f21a5,5e80b353a3258347b42f21a4
5e8164f9a3258347b42f21bf,5e5af599d701ab08af792b63
5e81ba06a3258347b42f21ef,5de50d768eab6401affbb135
5e8307ada3258347b42f23ec,5e5dfbbefbc8805f69e02c91
5e85054fa3258347b42f24a0,5e5af599d701ab08af792b63
5e897f6ca3258347b42f25cd,5e7f4ad1a3258347b42f2155
5e8bfa8aa3258347b42f2611,5e5af599d701ab08af792b63
5e90208ca3258347b42f2730,5e901d01a3258347b42f270f
5e94832ea3258347b42f2858,5deeef6142a8854bf6eabab9
5e948915a3258347b42f2892,5deeef6142a8854bf6eabab9
5e95a06da3258347b42f29b4,5df3f8f2ee4bb5252b4f5393
5e964576a3258347b42f2a86,5df3f8f2ee4bb5252b4f5393
5e966b74a3258347b42f2ab1,5e7f4ad1a3258347b42f2155
5e980938a3258347b42f2b66,5e5af599d701ab08af792b63
5e9a8437a3258347b42f2c38,5e99b0d4a3258347b42f2bf0
5e9cb29da3258347b42f2d11,5e9cac99a3258347b42f2d05
5e67e51dd4a049050f54f5bd,5e5af599d701ab08af792b63
5e7211ba1b24db0468e90cdb,5e72108b1b24db0468e90cd9
5e7221451b24db0468e90ce4,5e5af599d701ab08af792b63
5e773c89cfc8b713f5ac7ac9,5de50d768eab6401affbb135
5e776a1dcfc8b713f5ac7b11,5d6d2bb87fa40e1417a49315
5e7b1e65cfc8b713f5ac7d90,5e7909abcfc8b713f5ac7d06
5e7f39a3a3258347b42f2151,5e783375cfc8b713f5ac7c5b
5e80b4cca3258347b42f21a7,5e80b353a3258347b42f21a4
5e81c15aa3258347b42f22b6,5de50d768eab6401affbb135
5e81c29ea3258347b42f2303,5de50d768eab6401affbb135
5e822b4aa3258347b42f235f,5de50d768eab6401affbb135
5e94bf78a3258347b42f2925,5df3f8f2ee4bb5252b4f5393
5e94caeda3258347b42f2932,5e5af599d701ab08af792b63
5e964254a3258347b42f2a75,5df3f8f2ee4bb5252b4f5393
5e979637a3258347b42f2b1e,5df3f8f2ee4bb5252b4f5393
5e6541d785ae350860168b64,5d6d2bb87fa40e1417a49315
5e6bcd80ed32a005135d6ba7,5e5af599d701ab08af792b63
5e7304761b24db0468e90ce7,5e5855ced701ab08af792b51
5e767a5b1b24db0468e90d42,5d6d2bb87fa40e1417a49315
5e77738bcfc8b713f5ac7b36,5d6d2bb87fa40e1417a49315
5e79d1b2cfc8b713f5ac7d50,5e79d0d6cfc8b713f5ac7d4f
5e7a0d85cfc8b713f5ac7d77,5df49b32cc709107827fb3c7
5e7a614fcfc8b713f5ac7d83,5df49b32cc709107827fb3c7
5e7e66e7a3258347b42f213c,5e5af599d701ab08af792b63
5e81a4f2a3258347b42f21d3,5e7f4ad1a3258347b42f2155
5e895ceca3258347b42f25b6,5e5af599d701ab08af792b63
5e901b98a3258347b42f2708,5e4ce251f5561b1994c8e40d
5e9028cea3258347b42f2736,5e902793a3258347b42f2733
5e947e9ca3258347b42f2847,5deeef6142a8854bf6eabab9
5e9483b4a3258347b42f285c,5deeef6142a8854bf6eabab9
5e948512a3258347b42f2868,5deeef6142a8854bf6eabab9
5e94852ba3258347b42f286d,5deeef6142a8854bf6eabab9
5e948db6a3258347b42f28b2,5deeef6142a8854bf6eabab9
5e98c18fa3258347b42f2bc4,5df3f8f2ee4bb5252b4f5393
5e9b0475a3258347b42f2c6b,5df3f8f2ee4bb5252b4f5393
5e67ad19d4a049050f54f5b9,5e5855ced701ab08af792b51
5e68995bd4a049050f54f5c6,5e5855ced701ab08af792b51
5e6b4d35d4a049050f54f5de,5e5855ced701ab08af792b51
5e6c83c0ed32a005135d6ba9,5e5855ced701ab08af792b51
5e71980b1b24db0468e90cce,5e5b4eddd701ab08af792b75
5e773c0bcfc8b713f5ac7ab7,5d6d2bb87fa40e1417a49315
5e778ffccfc8b713f5ac7b50,5d6d2bb87fa40e1417a49315
5e77c2bbcfc8b713f5ac7bf8,5d6d2bb87fa40e1417a49315
5e78ec01cfc8b713f5ac7cff,5e78eaf9cfc8b713f5ac7cfe
5e7aeafccfc8b713f5ac7d8d,5e7ae98bcfc8b713f5ac7d8c
5e7df068a3258347b42f2125,5e7def80a3258347b42f2124
5e81c0cba3258347b42f2290,5de50d768eab6401affbb135
5e88383aa3258347b42f255c,5e883653a3258347b42f255a
5e940dd0a3258347b42f27f1,5df3f8f2ee4bb5252b4f5393
5e943363a3258347b42f2813,5e942f7ba3258347b42f280e
5e9435f7a3258347b42f281a,5df3f8f2ee4bb5252b4f5393
5e947fb7a3258347b42f284c,5deeef6142a8854bf6eabab9
5e94827ea3258347b42f2854,5deeef6142a8854bf6eabab9
5e948ce6a3258347b42f28aa,5deeef6142a8854bf6eabab9
5e94ae2fa3258347b42f28ee,5df3f8f2ee4bb5252b4f5393
5e9db770a3258347b42f2dcf,5df3f8f2ee4bb5252b4f5393
5e753b611b24db0468e90d03,5e5af599d701ab08af792b63
5e753bec1b24db0468e90d05,5e5af599d701ab08af792b63
5e7680361b24db0468e90d66,5d6d2bb87fa40e1417a49315
5e77341bfb5b9012467c2020,5d6d2bb87fa40e1417a49315
5e7773efcfc8b713f5ac7b48,5e7772e5cfc8b713f5ac7b35
5e783590cfc8b713f5ac7c5d,5e783375cfc8b713f5ac7c5b
5e7c7a44cfc8b713f5ac7dac,5e5af599d701ab08af792b63
5e7df283a3258347b42f2128,5e7def80a3258347b42f2124
5e81c1e6a3258347b42f22dd,5de50d768eab6401affbb135
5e897ab4a3258347b42f25ca,5e7f4ad1a3258347b42f2155
5e936c67a3258347b42f27b6,5df24eeaee4bb5252b4f5366
5e948155a3258347b42f2850,5deeef6142a8854bf6eabab9
5e948e4ca3258347b42f28ba,5deeef6142a8854bf6eabab9
5e956e42a3258347b42f297f,5e94248aa3258347b42f2804
5e95f44ba3258347b42f2a31,5deeef6142a8854bf6eabab9
5e9754efa3258347b42f2ae8,5e94248aa3258347b42f2804
5e9806f5a3258347b42f2b61,5e5af599d701ab08af792b63
5e9f3e1aa3258347b42f2e39,5e99b0d4a3258347b42f2bf0
5e7685271b24db0468e90d8a,5d6d2bb87fa40e1417a49315
5e67a82cd4a049050f54f5b7,5e5af599d701ab08af792b63
5e77bdc2cfc8b713f5ac7be4,5d6d2bb87fa40e1417a49315
5e7a60edcfc8b713f5ac7d82,5df49b32cc709107827fb3c7
5e7b8764cfc8b713f5ac7da2,5e65511d85ae350860168b75
5e81b47fa3258347b42f21d7,5de50d768eab6401affbb135
5e830a6ca3258347b42f23f6,5e5dfbbefbc8805f69e02c91
5e8837fba3258347b42f255b,5e883653a3258347b42f255a
5e941877a3258347b42f27fd,5e941316a3258347b42f27f4
5e964354a3258347b42f2a7d,5df3f8f2ee4bb5252b4f5393
5e96464da3258347b42f2a8e,5df3f8f2ee4bb5252b4f5393
5e979490a3258347b42f2b13,5df3f8f2ee4bb5252b4f5393
5e9aaeefa3258347b42f2c3f,5e4ce251f5561b1994c8e40d
5e9b6b20a3258347b42f2c8d,5df3f8f2ee4bb5252b4f5393
5e67a82ed4a049050f54f5b8,5e5855ced701ab08af792b51
5e67e575d4a049050f54f5be,5e5af599d701ab08af792b63
5e6eff8aed32a005135d6bb8,5e5af599d701ab08af792b63
5e7672eb1b24db0468e90d1e,5d6d2bb87fa40e1417a49315
5e782cd9cfc8b713f5ac7c4f,5e7825ffcfc8b713f5ac7c4d
5e78c64acfc8b713f5ac7ce7,5e78c4a9cfc8b713f5ac7ce5
5e79107acfc8b713f5ac7d0b,5e7905e8cfc8b713f5ac7d04
5e81be54a3258347b42f221d,5de50d768eab6401affbb135
5e895d87a3258347b42f25bb,5e5af599d701ab08af792b63
5e8c993da3258347b42f264d,5d7c994d5720533e15c3b1e9
5e94843ca3258347b42f2864,5deeef6142a8854bf6eabab9
5e9489e7a3258347b42f2896,5deeef6142a8854bf6eabab9
5e948f05a3258347b42f28c2,5deeef6142a8854bf6eabab9
5e95f1a8a3258347b42f2a20,5deeef6142a8854bf6eabab9
5e973a33a3258347b42f2ade,5e958e73a3258347b42f29a1
5e9796dba3258347b42f2b26,5df3f8f2ee4bb5252b4f5393
5e9895e8a3258347b42f2ba7,5df3f8f2ee4bb5252b4f5393
5e9a7e73a3258347b42f2c24,5e99b0d4a3258347b42f2bf0
5e709a251b24db0468e90cc7,5e5e8b6afbc8805f69e02cae
5e772c91fb5b9012467c200e,5d6d2bb87fa40e1417a49315
5e7747afcfc8b713f5ac7afd,5d6d2bb87fa40e1417a49315
5e78ae4ccfc8b713f5ac7cde,5e78ad84cfc8b713f5ac7cdd
5e78d0a9cfc8b713f5ac7cf1,5e78cff6cfc8b713f5ac7cf0
5e799e4bcfc8b713f5ac7d2d,5e799c94cfc8b713f5ac7d2c
5e79f3fccfc8b713f5ac7d54,5e78ce84cfc8b713f5ac7cee
5e7f3cf8a3258347b42f2154,5e7909abcfc8b713f5ac7d06
5e7f4fb3a3258347b42f2156,5e7f4ad1a3258347b42f2155
5e816629a3258347b42f21c2,5e5af599d701ab08af792b63
5e9415d2a3258347b42f27f8,5e5af599d701ab08af792b63
5e948e97a3258347b42f28be,5deeef6142a8854bf6eabab9
5e95f087a3258347b42f2a16,5deeef6142a8854bf6eabab9
5e95f3a0a3258347b42f2a2c,5deeef6142a8854bf6eabab9
5e99c99fa3258347b42f2c05,5e5af599d701ab08af792b63
5e6d52eeed32a005135d6baf,5e5855ced701ab08af792b51
5e737e1b1b24db0468e90cf8,5e5af599d701ab08af792b63
5e779775cfc8b713f5ac7b62,5d6d2bb87fa40e1417a49315
5e77b881cfc8b713f5ac7bb5,5d6d2bb87fa40e1417a49315
5e78c78fcfc8b713f5ac7ce9,5e78c5fdcfc8b713f5ac7ce6
5e78d4cccfc8b713f5ac7cf3,5e78ce84cfc8b713f5ac7cee
5e790ea3cfc8b713f5ac7d0a,5e790d64cfc8b713f5ac7d09
5e79a709cfc8b713f5ac7d34,5e78ce84cfc8b713f5ac7cee
5e7a5ebdcfc8b713f5ac7d7f,5df49b32cc709107827fb3c7
5e81bc41a3258347b42f220a,5de50d768eab6401affbb135
5e81bfe5a3258347b42f226a,5de50d768eab6401affbb135
5e81c257a3258347b42f22f0,5de50d768eab6401affbb135
5e823908a3258347b42f2368,5e822b86a3258347b42f2360
5e830dc8a3258347b42f23fb,5e8309c4a3258347b42f23f4
5e8448aba3258347b42f2447,5e8447a7a3258347b42f2446
5e847970a3258347b42f245e,5e7f4ad1a3258347b42f2155
5e866cffa3258347b42f24ef,5e5af599d701ab08af792b63
5e88aa21a3258347b42f2575,5e8309c4a3258347b42f23f4
5e8e13dca3258347b42f26f2,5e5af599d701ab08af792b63
5e901f23a3258347b42f2725,5e901d01a3258347b42f270f
5e9485b8a3258347b42f2875,5deeef6142a8854bf6eabab9
5e948fdfa3258347b42f28ca,5deeef6142a8854bf6eabab9
5e979786a3258347b42f2b2e,5df3f8f2ee4bb5252b4f5393
5e9a8271a3258347b42f2c35,5e99b0d4a3258347b42f2bf0
5e9eececa3258347b42f2e11,5e5b4511d701ab08af792b6d
5e6a3fc9d4a049050f54f5d9,5e5af599d701ab08af792b63
5e7220891b24db0468e90ce2,5e5af599d701ab08af792b63
5e7682d91b24db0468e90d78,5d6d2bb87fa40e1417a49315
5e776c1fcfc8b713f5ac7b23,5d6d2bb87fa40e1417a49315
5e790b07cfc8b713f5ac7d07,5e7909abcfc8b713f5ac7d06
5e79a8c1cfc8b713f5ac7d35,5e78ce84cfc8b713f5ac7cee
5e7a0fa1cfc8b713f5ac7d78,5df49b32cc709107827fb3c7
5e7a605dcfc8b713f5ac7d81,5df49b32cc709107827fb3c7
5e8381cfa3258347b42f2428,5e8309c4a3258347b42f23f4
5e8cc876a3258347b42f26a3,5d7c994d5720533e15c3b1e9
5e9486f6a3258347b42f287a,5deeef6142a8854bf6eabab9
5e948db2a3258347b42f28ae,5deeef6142a8854bf6eabab9
5e948db9a3258347b42f28b6,5deeef6142a8854bf6eabab9
5e948fb8a3258347b42f28c6,5deeef6142a8854bf6eabab9
5e95f13ba3258347b42f2a1b,5deeef6142a8854bf6eabab9
5e971736a3258347b42f2ac9,5df3f8f2ee4bb5252b4f5393
5e7727e962b6af10fe0f9b43,5d6d2bb87fa40e1417a49315
5e773e15cfc8b713f5ac7ad9,5d6d2bb87fa40e1417a49315
5e77b649cfc8b713f5ac7ba2,5d6d2bb87fa40e1417a49315
5e77c625cfc8b713f5ac7c0b,5d6d2bb87fa40e1417a49315
5e7838bdcfc8b713f5ac7c99,5e7834fccfc8b713f5ac7c5c
5e787911cfc8b713f5ac7ccb,5e78785ecfc8b713f5ac7cca
5e79cf2acfc8b713f5ac7d4e,5e79cd61cfc8b713f5ac7d4d
5e7bd922cfc8b713f5ac7da9,5e5855ced701ab08af792b51
5e7de250a3258347b42f210a,5e4ce251f5561b1994c8e40d
5e81c101a3258347b42f22a3,5de50d768eab6401affbb135
5e81c1b7a3258347b42f22ca,5de50d768eab6401affbb135
5e8308c4a3258347b42f23ed,5e5dfbbefbc8805f69e02c91
5e8cb88ea3258347b42f267e,5d7c994d5720533e15c3b1e9
5e91a2dda3258347b42f276d,5df11ee1ee4bb5252b4f5344
5e948b1ba3258347b42f289e,5deeef6142a8854bf6eabab9
5e94bc47a3258347b42f291d,5e941316a3258347b42f27f4
5e95d427a3258347b42f29db,5e958e73a3258347b42f29a1
5e9f439ba3258347b42f2e51,5e99b0d4a3258347b42f2bf0
5ea5ce9310426255a7aa9b8d,5df49b32cc709107827fb3c7
5ea047d5a3258347b42f2e96,5df3f8f2ee4bb5252b4f5393
5ea2e85b10426255a7aa9a8c,5df3f8f2ee4bb5252b4f5393
5ea45fdf10426255a7aa9b34,5df3f8f2ee4bb5252b4f5393
5eac350110426255a7aa9e92,5d618359fc5fcf3bdd9a0910
5eaf4d4210426255a7aa9f76,5e7f4ad1a3258347b42f2155
5e9f4155a3258347b42f2e48,5e99b0d4a3258347b42f2bf0
5e9f4215a3258347b42f2e4b,5e99b0d4a3258347b42f2bf0
5ea1d7ac10426255a7aa9a66,5df3f8f2ee4bb5252b4f5393
5ea11fbd10426255a7aa9a38,5e99b0d4a3258347b42f2bf0
5ea3213010426255a7aa9abb,5e942f7ba3258347b42f280e
5eabfaf510426255a7aa9da0,5d610ae1653a331687083239
5ea31faf10426255a7aa9ab5,5e942f7ba3258347b42f280e
5e9f4421a3258347b42f2e54,5e99b0d4a3258347b42f2bf0
5ea1ef0710426255a7aa9a7e,5e99b0d4a3258347b42f2bf0
5ea31e5610426255a7aa9ab0,5e942f7ba3258347b42f280e
5ea3236810426255a7aa9ac8,5e942f7ba3258347b42f280e
5ea7cd9610426255a7aa9bd2,5e4ce251f5561b1994c8e40d
5ea80a7e10426255a7aa9be2,5e5af599d701ab08af792b63
5eab002f10426255a7aa9c6c,5d90fc1a641ef364939fb6cc
5eab962e10426255a7aa9cb8,5e4ce251f5561b1994c8e40d
5eaed2f210426255a7aa9eef,5df3f8f2ee4bb5252b4f5393
5ea029e9a3258347b42f2e85,5e5af599d701ab08af792b63
5ea85c1f10426255a7aa9c05,5e5b4511d701ab08af792b6d
5ea319ee10426255a7aa9aa4,5ea3191210426255a7aa9aa2
5eabf76a10426255a7aa9cfb,5d610ae1653a331687083239
5eadc2f710426255a7aa9ee4,5e5af599d701ab08af792b63
5e9f3f16a3258347b42f2e3c,5e99b0d4a3258347b42f2bf0
5e9f4295a3258347b42f2e4e,5e99b0d4a3258347b42f2bf0
5eaaffe110426255a7aa9c5b,5d90fc1a641ef364939fb6cc
5ea07ddba3258347b42f2eb6,5df3f8f2ee4bb5252b4f5393
5e9f40b2a3258347b42f2e45,5e99b0d4a3258347b42f2bf0
5eab924610426255a7aa9c90,5eab903b10426255a7aa9c8e
5ea1603a10426255a7aa9a3e,5df3f8f2ee4bb5252b4f5393
5ea8618a10426255a7aa9c0d,5ea8605d10426255a7aa9c0c
5eac305f10426255a7aa9dd3,5d610ae1653a331687083239
5e9f4045a3258347b42f2e42,5e99b0d4a3258347b42f2bf0
5e9ff423a3258347b42f2e72,5e5af599d701ab08af792b63
5ea3227010426255a7aa9ac1,5e942f7ba3258347b42f280e
5ea323a010426255a7aa9aca,5ea3221e10426255a7aa9abf
5e9f3fd9a3258347b42f2e3f,5e99b0d4a3258347b42f2bf0
5ea5aacd10426255a7aa9b71,5df49b32cc709107827fb3c7
5eac578010426255a7aa9eba,5e5af599d701ab08af792b63
5ea30f6010426255a7aa9a9c,5e5af599d701ab08af792b63
5ea31ee710426255a7aa9ab3,5ea31d9210426255a7aa9aae
5ea321dd10426255a7aa9abd,5e942f7ba3258347b42f280e
5eab942d10426255a7aa9ca7,5eab93bb10426255a7aa9ca5
5eabeec210426255a7aa9cd2,5d610ae1653a331687083239
5eb1358910426255a7aa9fba,5e1ef04c2a37d20505da2b8b
5eb13a3610426255a7aa9fc5,5e1ef04c2a37d20505da2b8b
5eb159a610426255a7aaa015,5e1ef04c2a37d20505da2b8b
5ec278b574f7660d73aa10d5,5ec2204374f7660d73aa100f
5eb13e2a10426255a7aa9fcf,5e1ef04c2a37d20505da2b8b
5eb2ce0c10426255a7aaa078,5eb2cad810426255a7aaa072
5eb6dd5afd92f539c465dd7d,5deeef6142a8854bf6eabab9
5eb153ca10426255a7aa9fff,5e1ef04c2a37d20505da2b8b
5eb158d410426255a7aaa011,5e1ef04c2a37d20505da2b8b
5ec2215374f7660d73aa1011,5ec2204374f7660d73aa100f
5ec3676574f7660d73aa119a,5ec2204374f7660d73aa100f
5eb1407c10426255a7aa9fdb,5e1ef04c2a37d20505da2b8b
5eb1478a10426255a7aa9feb,5e1ef04c2a37d20505da2b8b
5eb4fab110426255a7aaa0ed,5eb4f9cb10426255a7aaa0ea
5eb1490610426255a7aa9ff4,5e1ef04c2a37d20505da2b8b
5eba2dd3514aab59896bcc57,5e942f7ba3258347b42f280e
5eb2c11210426255a7aaa052,5d7c994d5720533e15c3b1e9
5eb6dc4cfd92f539c465dd77,5deeef6142a8854bf6eabab9
5eb2cbde10426255a7aaa074,5eb2cad810426255a7aaa072
5ebd1111514aab59896bcd1c,5df49b32cc709107827fb3c7
5eb6df2dfd92f539c465dd89,5deeef6142a8854bf6eabab9
5ec54fc9f2781131cc7e50f5,5ec3ba5374f7660d73aa1201
5eb13ee710426255a7aa9fd3,5e1ef04c2a37d20505da2b8b
5eb0f27f10426255a7aa9fa2,5e783375cfc8b713f5ac7c5b
5eb1485410426255a7aa9fef,5e1ef04c2a37d20505da2b8b
5eb1551e10426255a7aaa003,5e1ef04c2a37d20505da2b8b
5eb6d9b2fd92f539c465dd6b,5deeef6142a8854bf6eabab9
5eb1569910426255a7aaa007,5e1ef04c2a37d20505da2b8b
5eb15a9810426255a7aaa019,5e1ef04c2a37d20505da2b8b
5eb6db91fd92f539c465dd71,5deeef6142a8854bf6eabab9
5ebc3239514aab59896bcc86,5df49b32cc709107827fb3c7
5ec5546bf2781131cc7e5140,5ec553e2f2781131cc7e5138
5eb4fbe910426255a7aaa105,5eb4fb6b10426255a7aaa103
5eaf8b9310426255a7aa9f7e,5e0d5ce12a37d20505da2a5d
5eb502a010426255a7aaa119,5e4ce251f5561b1994c8e40d
5eb6de2dfd92f539c465dd83,5deeef6142a8854bf6eabab9
5eb45ca210426255a7aaa0b5,5df3f8f2ee4bb5252b4f5393
5eb7b10ffd92f539c465ddda,5eb7aeccfd92f539c465ddd7
5eba2e94514aab59896bcc5a,5e942f7ba3258347b42f280e
5ebcf6ea514aab59896bcd09,5ebcf2f2514aab59896bcd00
5ebd5b46514aab59896bcd5a,5d7c994d5720533e15c3b1e9
5ec3bc1a74f7660d73aa1207,5d7c994d5720533e15c3b1e9
5eb6e04ffd92f539c465dd8f,5deeef6142a8854bf6eabab9
5eb1373110426255a7aa9fc1,5e1ef04c2a37d20505da2b8b
5ec2b27974f7660d73aa1115,5df49b32cc709107827fb3c7
5eb1df6d10426255a7aaa029,5d7c994d5720533e15c3b1e9
5eb4f80810426255a7aaa0ce,5eb4f73910426255a7aaa0cc
5ec1fd0974f7660d73aa0fd5,5d7c994d5720533e15c3b1e9
5ec3667274f7660d73aa1194,5ec2204374f7660d73aa100f
5ec573a3f2781131cc7e51b8,5ec3ba5374f7660d73aa1201
5eb1ac4510426255a7aaa024,5e4195c3eab55d319938a82c
5ec2e16074f7660d73aa1154,5d60098a653a331687083238
5ec3c09274f7660d73aa1229,5ec3ba5374f7660d73aa1201
5ec7ad1aec493f4a26558869,5e1ef04c2a37d20505da2b8b
5eca8fceeaff6b0c3a58a3c0,5ec3ba5374f7660d73aa1201
5ed8ef45b96746238f7ed779,5ed3748576027d35905ccaab
5ed9ab7bb96746238f7ed959,5ed76b22b96746238f7ed242
5ecc1d4eeaff6b0c3a58a565,5d7c994d5720533e15c3b1e9
5ecfa0ca76027d35905cbf57,5ecb979eeaff6b0c3a58a4f0
5ecfffb976027d35905cc0e9,5ecfa94676027d35905cbf78
5ed238d376027d35905cc6e5,5ecb979eeaff6b0c3a58a4f0
5ed415c6bd514d602c15312d,5ecb979eeaff6b0c3a58a4f0
5ec57914f2781131cc7e51c8,5d7c994d5720533e15c3b1e9
5ecc186aeaff6b0c3a58a53f,5d7c994d5720533e15c3b1e9
5ed0e20776027d35905cc2fe,5ecfa94676027d35905cbf78
5ed23bb876027d35905cc759,5ecb979eeaff6b0c3a58a4f0
5ed23c4c76027d35905cc769,5e4ce251f5561b1994c8e40d
5ed23e4d76027d35905cc7b8,5e4ce251f5561b1994c8e40d
5ed55e70bd514d602c153aa8,5ecb979eeaff6b0c3a58a4f0
5ed572babd514d602c153af4,5ed557e6bd514d602c153a91
5ed60960f3fc767afc7b27d3,5ed50c1ebd514d602c153717
5ed65be16851497d795933f0,5d610ae1653a331687083239
5ed7822cb96746238f7ed2ca,5ece02427023451e66223861
5ed8069bb96746238f7ed5bb,5d7c994d5720533e15c3b1e9
5ec57acaf2781131cc7e51d5,5ec553e2f2781131cc7e5138
5ec7a7a3ec493f4a26558840,5e1ef04c2a37d20505da2b8b
5ed0007a76027d35905cc0ea,5ecfa94676027d35905cbf78
5ed09ad076027d35905cc15f,5ecb979eeaff6b0c3a58a4f0
5ed0d54776027d35905cc299,5e7b30a6cfc8b713f5ac7d95
5ed23a6376027d35905cc73b,5ecb979eeaff6b0c3a58a4f0
5ed23c8676027d35905cc780,5ecb979eeaff6b0c3a58a4f0
5ed3476576027d35905cca1d,5ed13bb076027d35905cc4ba
5ed5ffc6bd514d602c153e71,5ed5fef0bd514d602c153e34
5ed60242f3fc767afc7b2668,5ed54c71bd514d602c153a2e
5ed60ae1f3fc767afc7b27ed,5ed5fdf5bd514d602c153db2
5ed60f26f3fc767afc7b2870,5ed4fa8fbd514d602c153545
5ed61689f3fc767afc7b2958,5ed614ebf3fc767afc7b28d6
5ed7ea50b96746238f7ed422,5ed4f94cbd514d602c153518
5ecb72c0eaff6b0c3a58a48e,5d7c994d5720533e15c3b1e9
5ed0e65976027d35905cc356,5d618359fc5fcf3bdd9a0910
5ed23b6276027d35905cc74f,5ecb979eeaff6b0c3a58a4f0
5ed23cf876027d35905cc790,5ecb979eeaff6b0c3a58a4f0
5ed2502b76027d35905cc7db,5ed24d5a76027d35905cc7d7
5ec8204cec493f4a26558893,5df49b32cc709107827fb3c7
5ecb7155eaff6b0c3a58a486,5ec3ba5374f7660d73aa1201
5ecb7567eaff6b0c3a58a4cf,5df49b32cc709107827fb3c7
5ed1ff0276027d35905cc60d,5ecb979eeaff6b0c3a58a4f0
5ed23c1876027d35905cc761,5ecb979eeaff6b0c3a58a4f0
5ed571fbbd514d602c153ada,5ecb979eeaff6b0c3a58a4f0
5ed5eaefbd514d602c153c05,5ed4f3d0bd514d602c1533c6
5ed650d16851497d795932ec,5ed626626851497d79593079
5eca6ddbec493f4a26558a46,5d7c994d5720533e15c3b1e9
5ecf23b87023451e66223944,5d7c994d5720533e15c3b1e9
5ed13d2876027d35905cc4c2,5ed13bb076027d35905cc4ba
5ed23a1076027d35905cc712,5ed2399b76027d35905cc70f
5ed23b0776027d35905cc746,5ecb979eeaff6b0c3a58a4f0
5ed616b6f3fc767afc7b2960,5ed614ebf3fc767afc7b28d6
5ed7c6b0b96746238f7ed3ac,5ed3748576027d35905ccaab
5ed7fdb0b96746238f7ed4da,5d7c994d5720533e15c3b1e9
5ec7a699ec493f4a2655883a,5e1ef04c2a37d20505da2b8b
5eca7601ec493f4a26558a62,5d7c994d5720533e15c3b1e9
5ed3ef4cbd514d602c1530f2,5ecb979eeaff6b0c3a58a4f0
5ed5fe6ebd514d602c153ded,5ed4f3d0bd514d602c1533c6
5ed666336851497d79593598,5ed621216851497d79592fdb
5ed953cfb96746238f7ed865,5d6d2bb87fa40e1417a49315
5ed95751b96746238f7ed889,5d6d2bb87fa40e1417a49315
5ecd6ba47023451e66223604,5d7c994d5720533e15c3b1e9
5ed141aa76027d35905cc4c9,5ecfaa0076027d35905cbf83
5ed229d976027d35905cc666,5ed0dfec76027d35905cc2ec
5ed237d676027d35905cc6bd,5ecb979eeaff6b0c3a58a4f0
5ed6082ff3fc767afc7b27c7,5ed4efebbd514d602c153229
5ed616aaf3fc767afc7b295f,5ed614ebf3fc767afc7b28d6
5ed7fe73b96746238f7ed500,5d7c994d5720533e15c3b1e9
5ecf96e876027d35905cbf46,5ecb979eeaff6b0c3a58a4f0
5ed2378276027d35905cc6b5,5ecb979eeaff6b0c3a58a4f0
5ed4cbadbd514d602c1531a6,5ed3748576027d35905ccaab
5ed662be6851497d795934fb,5ed6235b6851497d79593036
5ed80460b96746238f7ed58a,5d7c994d5720533e15c3b1e9
5ed894c3b96746238f7ed66c,5ed13bb076027d35905cc4ba
5ec7abfdec493f4a26558860,5e1ef04c2a37d20505da2b8b
5ed0e31a76027d35905cc302,5d618359fc5fcf3bdd9a0910
5ed6585c6851497d7959332f,5d610ae1653a331687083239
5ed7496e6851497d79593896,5ecb979eeaff6b0c3a58a4f0
5ec7aafbec493f4a26558857,5e1ef04c2a37d20505da2b8b
5ec821ddec493f4a2655889e,5df49b32cc709107827fb3c7
5ed175f176027d35905cc554,5ecb979eeaff6b0c3a58a4f0
5ed3791976027d35905ccab6,5ed3748576027d35905ccaab
5ed4d236bd514d602c1531ba,5ecb979eeaff6b0c3a58a4f0
5ed4e3b9bd514d602c1531d8,5df49b32cc709107827fb3c7
5ed4eb74bd514d602c1531fa,5df49b32cc709107827fb3c7
5ed4ff5dbd514d602c1535ed,5ed4f3d0bd514d602c1533c6
5ed60c60f3fc767afc7b282c,5ed5fdf5bd514d602c153db2
5ed65a7d6851497d795933a0,5d610ae1653a331687083239
5ed90f5db96746238f7ed7ab,5ec3ba5374f7660d73aa1201
5ecd5d417023451e662235c5,5ecb979eeaff6b0c3a58a4f0
5ecdecc67023451e66223765,5e7b30a6cfc8b713f5ac7d95
5ed2387576027d35905cc6d5,5ed237ee76027d35905cc6c5
5ed23d4276027d35905cc798,5ecb979eeaff6b0c3a58a4f0
5ed6163ef3fc767afc7b2937,5e4ce251f5561b1994c8e40d
5ed765a7b96746238f7ed218,5ed75db96851497d79593925
5ed8b999b96746238f7ed6ed,5ed8ad7ab96746238f7ed69b
5ec601a0f2781131cc7e522e,5ec2204374f7660d73aa100f
5ec7a8bdec493f4a26558846,5e1ef04c2a37d20505da2b8b
5ecb6edeeaff6b0c3a58a479,5df49b32cc709107827fb3c7
5ecf818376027d35905cbf03,5ecb979eeaff6b0c3a58a4f0
5ecfb35c76027d35905cbfbc,5ecfa94676027d35905cbf78
5ed23d7376027d35905cc7a2,5e4ce251f5561b1994c8e40d
5ed604f2f3fc767afc7b270c,5ed603b8f3fc767afc7b26b3
5ed9718cb96746238f7ed90e,5ecb979eeaff6b0c3a58a4f0
5ecce8a5eaff6b0c3a58a5e9,5e7b30a6cfc8b713f5ac7d95
5ed0f0c576027d35905cc3c7,5d618359fc5fcf3bdd9a0910
5ed23cb876027d35905cc788,5ecb979eeaff6b0c3a58a4f0
5ed3820f76027d35905ccac8,5ed3748576027d35905ccaab
5ed8005ab96746238f7ed55d,5d7c994d5720533e15c3b1e9
5ecfafcc76027d35905cbfb0,5ecfa94676027d35905cbf78
5ed2383776027d35905cc6ca,5ecb979eeaff6b0c3a58a4f0
5ed4fe1cbd514d602c1535b3,5ed4f815bd514d602c1534d2
5ed6041bf3fc767afc7b26cf,5ed573a8bd514d602c153afe
5ed61447f3fc767afc7b28b7,5ed613abf3fc767afc7b28a3
5ed616b6f3fc767afc7b2961,5ed614ebf3fc767afc7b28d6
5ed7ff62b96746238f7ed52e,5d7c994d5720533e15c3b1e9
